,maxAccelX,maxAccelY,maxAccelZ,maxGyroX,maxGyroY,maxGyroZ,minAccelX,minAccelY,minAccelZ,minGyroX,minGyroY,minGyroZ,meanAccelX,meanAccelY,meanAccelZ,meanGyroX,meanGyroY,meanGyroZ,sdAccelX,sdAccelY,sdAccelZ,sdGyroX,sdGyroY,sdGyroZ,pothole
0,0.132553100585938,-0.931228637695312,0.261184692382812,0.0717386355479005,0.116498650304971,0.0964996420990212,-0.044586181640625,-1.04115295410156,0.154495239257812,-0.0880054898022135,-0.134136499888457,-0.119551431862529,0.04724884033203125,-0.9727218627929684,0.1979202270507813,-0.009258346371605958,0.0009074721414445097,-0.023233976613680145,0.06590674514744913,0.03437234837155922,0.029350470553945306,0.049291687005449704,0.0793923959852363,0.06930309817220479,False
1,0.16534423828125,-0.89324951171875,0.222381591796875,0.0385889378791392,0.0565700689271362,0.0827494750748331,0.00250244140625,-1.03887939453125,0.020416259765625,-0.0596356336579264,-0.0991636021374275,-0.0492082927258301,0.070452880859375,-0.974481201171875,0.0909133911132812,-0.02193448715977602,0.00482218578580647,-0.005354844635433198,0.048408258021791294,0.044782192291852714,0.07229396814472433,0.026575780973790264,0.046833544289629325,0.0377174093369845,False
2,0.106002807617188,-0.921859741210938,0.329635620117188,0.011965849093835,0.039524772686193,0.0354203088141629,0.0077972412109375,-1.03678894042969,0.0150299072265625,-0.0363127340954484,-0.0436846303088968,-0.0440910286912429,0.0495071411132813,-0.9785385131835944,0.1488113403320313,-0.0125264711349076,-0.009704798696746831,-0.0004230697707699898,0.027968509159569725,0.03815383459469213,0.12403905601020189,0.01400246415593745,0.02421094631549832,0.024217336963000474,False
3,0.196670532226562,-0.823623657226562,0.538787841796875,0.121950407372472,0.109223160522984,0.123622872537042,0.020660400390625,-0.956512451171875,0.330490112304688,-0.113834690266565,-0.178419009862077,-0.103803894020782,0.10395507812500004,-0.8986557006835938,0.4279724121093749,-0.008747498811306997,-0.02227550493736073,0.03547285298247007,0.0574819099247617,0.04138875398351755,0.06883512627922614,0.07384323823935306,0.07813940950864594,0.06036562558042355,False
4,0.238067626953125,-0.83343505859375,0.464096069335938,0.0643813867204476,0.172284950923297,0.040299486247297,0.023712158203125,-1.14030456542969,0.31890869140625,-0.0758929005323151,-0.0818514571552584,-0.144360907945489,0.10581207275390617,-0.9369049072265627,0.4005401611328126,0.00055319182163125,0.037115730427329116,-0.027811684211417408,0.07254308314365726,0.09751460372671447,0.040930575161431657,0.04257806138131437,0.08014097718208775,0.06566661171080554,False
5,0.137847900390625,-0.89459228515625,0.4486083984375,0.0279061997985043,0.12910232647988,0.0632998770017664,-0.0845489501953125,-0.966995239257812,0.27978515625,-0.0619943954354095,-0.175541730620355,-0.103316535541297,-0.0064483642578125,-0.941474914550781,0.37553405761718733,-0.00845268687863519,-0.022925369506561856,-0.025083408832685707,0.07847568403872325,0.024607979948963948,0.05573967627705486,0.03096908977859397,0.0961073303507513,0.05672500130961141,False
6,0.155914306640625,-0.859390258789062,0.396316528320312,0.0364845079857585,0.0873668637728125,0.0320604647829189,-0.046234130859375,-0.977432250976562,0.172409057617188,-0.0855508542254874,-0.0650082948410522,-0.0721831171338347,0.06259460449218746,-0.9312377929687499,0.2660675048828125,-0.01948376642985242,0.0027824973385256998,-0.022064049946808387,0.06019956254612371,0.03961424726235318,0.07416165920908323,0.038004482643498996,0.04620731159763077,0.0371089160241783,False
7,0.160675048828125,-0.968505859375,0.1688232421875,0.0616505813386803,0.110908941493004,0.0373495027078163,-0.0226287841796875,-1.04841613769531,-0.0053253173828125,-0.0510946097259332,-0.0488450375531433,-0.0689854596129766,0.0586151123046875,-0.999440002441407,0.05165710449218754,-0.012728471903590121,0.017313476562714154,-0.009770924986613517,0.06797509576386429,0.025423233833607877,0.05950121928811422,0.03280276215418088,0.057149535552010085,0.03168033798920432,False
8,0.114791870117188,-0.98297119140625,0.08050537109375,0.0223593678800873,0.0385652357454375,0.0221854634609051,0.001922607421875,-1.02241516113281,-0.0090789794921875,-0.0427804871188149,-0.0084763091175042,-0.0431860865528339,0.055470275878906294,-1.0043685913085934,0.04040679931640625,-0.009374167247413499,0.005699217995991364,0.0033012012240404196,0.03163458115770821,0.014083997405030664,0.028606959584188893,0.017914343535278664,0.012774315343775263,0.019750328513397617,False
9,0.0766448974609375,-0.931350708007812,0.354278564453125,-0.0019750002644027,0.0032671660253092,0.0148742873203106,0.0126495361328125,-1.02287292480469,0.0654144287109375,-0.0203564044242387,-0.0318151876465226,-0.0106851349256159,0.048638916015625,-0.9744857788085944,0.1697113037109375,-0.01144855668369802,-0.00854176961709833,-0.00073489930280735,0.021710382531782924,0.03129689225835653,0.09904359027857516,0.005204700832599602,0.01129185764717392,0.008387083665060687,False
10,0.176101684570312,-0.843597412109375,0.544387817382812,0.0886366589805622,0.0702912074954424,0.093872699999767,-0.060577392578125,-0.919540405273438,0.417739868164062,-0.100479736348145,-0.0792767130133697,-0.0603650734804991,0.0797363281249999,-0.8912506103515625,0.4919235229492186,-0.02766188140010049,0.012623756409528189,-0.01055144423889393,0.06537238627918975,0.026240127049646105,0.04207534715565233,0.0541295205583513,0.04005352837700162,0.04273615231620289,False
11,0.22161865234375,-0.8253173828125,0.629959106445312,0.128953189458836,0.303607288487867,0.108329936293371,-0.322265625,-0.948974609375,0.382186889648438,-0.101192930888068,-0.136323221459521,-0.257444054152434,0.06915130615234374,-0.8787887573242188,0.45362701416015616,-0.03238696833256262,0.08221705590970442,-0.039567196842357946,0.15765606691544182,0.04007098045461969,0.06873099550662198,0.07055036091106966,0.12679211562658876,0.11155968792673453,False
12,0.212646484375,-0.859237670898438,0.493331909179688,0.0130971599249007,0.0568502334738125,0.0945960145518326,0.0215606689453125,-0.931488037109375,0.32586669921875,-0.0797283851342472,-0.12121830438881,-0.0638141334082607,0.10521240234375004,-0.8950454711914064,0.4060272216796875,-0.03288487292996382,-0.01829415900252497,0.0039753804539939906,0.0744782620599582,0.023480384995125426,0.050416818710004765,0.03125336734082433,0.06595756751582395,0.057756748693069196,False
13,0.169281005859375,-0.876632690429688,0.435287475585938,0.0227101061956507,0.0416172183546683,0.106942695681549,-0.04791259765625,-0.94598388671875,0.301116943359375,-0.102050468759073,-0.0777110406085122,-0.0819643751854777,0.09567413330078114,-0.917071533203125,0.35430603027343743,-0.02191818861390471,-0.00953459607147989,0.0166463813412602,0.059036222433611084,0.02335912439246597,0.038000874337490505,0.044130550931425386,0.04178650220617163,0.05492477210311148,False
14,0.120651245117188,-0.863616943359375,0.337661743164062,0.0332820567749383,0.119325063169872,0.145664791615192,-0.0255279541015625,-1.01029968261719,0.264678955078125,-0.0772705537642131,-0.151209493004737,-0.0816575790279006,0.03743591308593755,-0.9330490112304691,0.2948425292968751,-0.02094150091572907,-0.03336557350672318,0.03335081959428413,0.05316047127053609,0.04504161694880278,0.024051311865761905,0.03514283641906119,0.08118176275145973,0.06772762878924941,False
15,0.135238647460938,-0.864059448242188,0.285415649414062,0.0701244936112034,0.10860131240845,0.0584502606567321,-0.016326904296875,-1.06123352050781,0.152679443359375,-0.127856499721941,-0.0917147405684758,-0.0860515285104223,0.06188964843750004,-0.9566955566406253,0.2173614501953125,-0.010739436780242638,0.02506676407587271,-0.0030534207162194425,0.05351769430950595,0.0714539210417707,0.046777978024289284,0.06444253897178305,0.07016161551677433,0.048982412408574934,False
16,0.070465087890625,-0.894256591796875,0.29595947265625,0.0229314148822363,0.0301509782813321,0.0447163389151935,-0.0376434326171875,-0.976821899414062,0.18560791015625,-0.124209300609078,-0.0592433500293577,-0.0507800904011949,0.01973876953125,-0.9516250610351561,0.2336914062499999,-0.02859657104788558,-0.01278932513449842,0.01264141316755544,0.04093386256176642,0.02787958608215074,0.030920795422042367,0.042696142758804144,0.03176440888772923,0.02957347572138221,False
17,0.0829315185546875,-0.902420043945312,0.254409790039062,0.045776010712936,0.0595871641260869,0.0612617598195287,-0.0522918701171875,-0.991973876953125,0.1754150390625,-0.138277449067421,-0.0544603127115754,-0.0623185021400722,0.01666107177734375,-0.9422027587890625,0.20684661865234358,-0.022446826090285442,0.00684528273949607,-0.01346853773891225,0.041729910389249524,0.02827596736862372,0.02851501440420751,0.05146751546027074,0.04224438848307213,0.039219676722068296,False
18,0.0403900146484375,-0.897720336914062,0.182373046875,0.0583272226143704,0.0966149569742216,0.0382845385665431,-0.0554656982421875,-1.0382080078125,-0.0361480712890625,-0.0670815657496789,-0.0333547610726974,-0.0594175207646489,-0.01557464599609375,-0.9894393920898439,0.0820037841796875,0.00251418385870019,0.007641088536433541,-0.00831044744481406,0.035446908174625064,0.041863488487267855,0.06494210369529126,0.0378278825730443,0.040094632217779314,0.03302059765726001,False
19,0.0196685791015625,-0.978179931640625,0.0803375244140625,0.0656618345725577,0.0552941484488792,0.0998712040390615,-0.183319091796875,-1.05538940429688,-0.041015625,-0.0742726333251109,-0.199026284061001,-0.0558965554874551,-0.04829711914062495,-1.0058563232421878,0.0005615234375,-0.0034651187891348,-0.06369165462972787,0.016015478479020413,0.07194692728933519,0.024638207514769674,0.03622269819866441,0.0388707681337254,0.09044621139517098,0.061113324915033594,False
20,0.128890991210938,-0.982040405273438,-0.0147552490234375,-0.0051944957061995,0.115181983462036,0.0073306172165521,0.002777099609375,-1.05062866210938,-0.077911376953125,-0.0580249538306464,0.0298734768957458,-0.0900585206865556,0.0691131591796876,-1.0187713623046883,-0.048822021484375,-0.02924153540068093,0.05092483320644069,-0.029751690539096515,0.039330083360286754,0.02151608030198714,0.0197279682015287,0.01919397928607549,0.025994510883420533,0.030125154008786337,False
21,0.0790557861328125,-0.955902099609375,0.229095458984375,0.0088254495364135,0.0447946358512418,0.0126409604301701,0.0124664306640625,-1.04312133789062,-0.023040771484375,-0.0462170301894531,0.0117698404376052,-0.0261591661234123,0.04203338623046875,-0.9956100463867192,0.0801177978515625,-0.01517522452348952,0.02541433322973896,-0.0055520250825427,0.026017972031169276,0.030245001958936243,0.09434516837223815,0.01555048006441502,0.012076528946870954,0.01343748305207734,False
22,0.0602569580078125,-0.949188232421875,0.228744506835938,-0.0043654536588578,0.0097040263800307,0.004236556662098,0.0118408203125,-1.00669860839844,0.057830810546875,-0.0203524096826036,-0.0083767068927352,-0.0023635554674453,0.04088592529296875,-0.9750854492187504,0.1485610961914065,-0.01355604921233223,-0.00267735573868934,0.00082771046679662,0.012786505609885904,0.01903029479255459,0.06037771762182284,0.00505100325812618,0.005814733912492589,0.0023559565771879313,False
23,0.0479888916015625,-0.960464477539062,0.19384765625,-0.0117453393555765,-0.0041577270938317,0.0009483516641772,0.04498291015625,-0.969711303710938,0.187362670898438,-0.0170916352439105,-0.0073418024931304,-0.0012082761865689,0.04615020751953125,-0.9646224975585938,0.1905563354492189,-0.01441768835141648,-0.005543929072828821,-2.668487412257999e-05,0.0009029871810339337,0.002837152436412031,0.001804943404418811,0.001685557231176189,0.0012303901106828215,0.0007874889818806414,False
24,0.047515869140625,-0.962814331054688,0.193679809570312,-0.0128247185453856,-0.003094326870563,0.0020008329269765,0.0438079833984375,-0.966903686523438,0.189529418945312,-0.0149688295390084,-0.0084190511540675,-0.001210939347659,0.04627685546875,-0.9648757934570312,0.1911285400390626,-0.014201679355400159,-0.00533260724033102,-0.0001316400526825999,0.0010463074779585055,0.0015388858403854678,0.00126766981287329,0.0007135243831431847,0.0014587541154156,0.0011263177679798474,False
25,0.0502471923828125,-0.96142578125,0.194381713867188,-0.011729360389036,-0.0031009847732882,0.0009592706246465,0.0443572998046875,-0.964828491210938,0.185714721679688,-0.0170756562773701,-0.007362841465742,-0.0011946940650095,0.04616546630859375,-0.9634094238281252,0.18981933593750008,-0.01323902651616921,-0.00533891893211449,-0.00044163200356782005,0.001875931438914123,0.0010931798039028157,0.0025924278966135894,0.0016046220690031359,0.0012744014415684045,0.0008743257054090083,False
26,0.048248291015625,-0.962387084960938,0.192901611328125,-0.0117373498723062,-0.0030735542140604,0.0009507485091582,0.0445556640625,-0.96722412109375,0.186569213867188,-0.0181323985979135,-0.0105463842328228,-0.001243696229067,0.04638824462890625,-0.964105224609375,0.1896759033203126,-0.015376080132903277,-0.00575045721536445,-0.00014258564476284002,0.0010842798592094684,0.0014617534111168397,0.0020900667176581922,0.002303764640162714,0.0019655504811298074,0.0010076372110117717,False
27,0.0488433837890625,-0.96099853515625,0.193450927734375,-0.0117440077750314,-0.0041372207534381,0.0009374327037078,0.044586181640625,-0.967880249023438,0.186172485351562,-0.018148377564454,-0.0062991749263644,-0.0012410330679769,0.046734619140625,-0.964691162109375,0.1899444580078125,-0.015157674291905902,-0.005220035421053371,-0.00024833977164986996,0.0015190105564887545,0.001991153419573985,0.0023724001372516196,0.0024480226340683475,0.0008705444709100112,0.0007862927206659708,False
28,0.0925750732421875,-0.893875122070312,0.460281372070312,0.0065069014913906,0.0362610687703009,0.0086123966492072,0.045013427734375,-0.965606689453125,0.1829833984375,-0.0170823141800953,-0.0117328224984531,-0.0106585033147151,0.06028594970703125,-0.9418624877929688,0.273175048828125,-0.0083788906848291,0.00164982829530411,-0.0015827432674449596,0.018586438950098965,0.029415263565095787,0.1143708072908209,0.008640045524540984,0.01503291813302252,0.005125990600953551,False
29,0.556900024414062,-0.759933471679688,0.490158081054688,0.127419741303168,0.604811873040265,-0.0128774491349691,0.0852203369140625,-1.16383361816406,0.13995361328125,-0.0995622773526123,0.0425296173441294,-0.17530683981221,0.30828094482421864,-0.9119354248046878,0.3709823608398437,0.0061036190075198895,0.32746652206227644,-0.0800022912523618,0.14812922067337697,0.12257568253746755,0.1290040799009895,0.0757815669436286,0.18708813256158127,0.04823149332004046,True
30,0.598892211914062,-0.855453491210938,0.400192260742188,0.137473707050435,0.636408148845183,0.181072849888341,-0.0291900634765625,-0.998519897460938,0.12481689453125,-0.0908044721078867,0.10360841799677,-0.437756837865666,0.3067123413085938,-0.918011474609375,0.3087066650390626,-0.0005494900277160833,0.3688827250178655,-0.11578883797963246,0.19890276399687498,0.04506363063814437,0.07771789930228107,0.08159584998736781,0.17119478488077106,0.18259222839376207,True
31,0.468780517578125,-0.637344360351562,0.488571166992188,0.217326461807589,0.426054908035858,0.147658434007225,-0.0486297607421875,-1.08604431152344,0.140518188476562,-0.419055588058911,-0.253486596772576,-0.194109822372605,0.15278472900390616,-0.8860778808593753,0.3042236328125,-0.08383005268713271,0.06064100360104228,-0.02756350422943298,0.17524078582551517,0.15269776978430333,0.09700928781879326,0.19013286865851436,0.23858190178300123,0.12197355658226636,False
32,0.37353515625,-0.732772827148438,0.56744384765625,0.489902330957744,0.364816850350031,0.173225579420313,-0.110763549804688,-1.40245056152344,0.0108184814453125,-0.287918073873993,-0.144487674413377,-0.268876472079926,0.06806488037109379,-0.9219024658203127,0.31036071777343754,0.02414174170284453,0.008569067018271726,0.022508931006906045,0.14005323982365686,0.18319277240446752,0.14873425092818998,0.19114609193828863,0.16201331999079707,0.1297366043337027,True
33,0.22125244140625,-0.649063110351562,0.432723999023438,0.428377717138625,0.258628628205301,0.230009233866874,-0.112289428710938,-1.07368469238281,0.1864013671875,-0.248414872792629,-0.252723601120268,-0.189055142623635,-0.00268859863281255,-0.931779479980469,0.2872421264648438,0.05324649714993916,-0.054057696017977094,0.04034782262108203,0.0963393915829302,0.12646691605176397,0.06872453383865136,0.1718758589016787,0.13874003941290877,0.11319736147410901,False
34,0.137451171875,-0.587478637695312,0.411880493164062,0.171713170237257,0.285612575318311,0.111171795492595,-0.110382080078125,-1.14375305175781,0.14715576171875,-0.112558503472199,-0.235451669870559,-0.239406730405436,0.0250198364257813,-0.8979400634765631,0.2527069091796873,-0.009886506177922973,-0.012170965760992873,-0.01563653728751299,0.08987639389588359,0.16671606076346948,0.0931354237325066,0.10184897034810683,0.13831919665996265,0.11194005733573045,False
35,0.702285766601562,-0.60321044921875,0.361419677734375,0.089065161599956,0.294896088562218,0.137380762728392,-0.10009765625,-1.148193359375,-0.104721069335938,-0.102591090460359,-0.186398373120172,-0.205913218639946,0.1346618652343749,-0.949629211425781,0.2133514404296874,0.01824784663116849,-0.01735414303255966,-0.01991983242674202,0.21349492142930593,0.1512784300211488,0.12792385608140155,0.06138093855487248,0.14920604783634725,0.10081353379103465,False
36,0.285980224609375,-0.481521606445312,0.464309692382812,0.12161271854625,0.46641751120099,0.288894655045725,-0.305526733398438,-1.31248474121094,-0.121810913085938,-0.190184855558047,-0.310019914076669,-0.452060676080481,0.02402191162109365,-0.9419357299804689,0.19475860595703112,-0.054254210674814216,0.059910818093364224,-0.06457630348063038,0.16678656284037915,0.2626722679100916,0.18324218012799284,0.07972865823555124,0.23563852941913047,0.21789664969655778,False
37,0.419754028320312,-0.653030395507812,0.302841186523438,0.0973563810216997,0.396976118409391,0.103489374696043,-0.158645629882812,-1.05549621582031,-0.124893188476562,-0.363919897694892,-0.0977276256776567,-0.19240406769441,0.0846237182617187,-0.8689315795898436,0.15749206542968747,-0.06016978387776352,0.07814489618169697,-0.02715319100028447,0.19251976735753712,0.1537453168138784,0.11617560838041925,0.1296985107792539,0.152787881335243,0.09003262811845476,False
38,0.469772338867188,-0.513824462890625,0.326217651367188,0.109052185581001,0.206274875915978,0.208809140009298,-0.1025390625,-1.06829833984375,0.0814208984375,-0.208329504696975,-0.283021852209882,-0.124716366480629,0.12579498291015634,-0.9172042846679684,0.17851257324218742,-0.054343746150662633,-0.03527881506544704,0.01414178486248426,0.1639652587581052,0.16584657424569338,0.07621437806517092,0.10919708402446579,0.13319724248791964,0.09288257225462107,False
39,0.341415405273438,-0.80328369140625,0.236343383789062,0.113915650363703,0.31264232880207,0.17114591692507,-0.210494995117188,-1.56307983398438,0.042510986328125,-0.155269748402672,-0.243901081061054,-0.232698760251745,0.0579803466796875,-1.0205657958984384,0.1633682250976561,-0.039756760648749875,0.024615358271104372,-0.015077699564370883,0.14736265555658284,0.21266490519744508,0.05806306296462347,0.09493479862417609,0.16384990737949268,0.13719576444038845,False
40,0.125747680664062,-0.661758422851562,0.329818725585938,0.17686638694656,0.284631733088835,0.244515472324535,-0.14068603515625,-1.05928039550781,0.088623046875,-0.211328224084404,-0.249363490772915,-0.129686890339153,-0.01529693603515635,-0.9286300659179684,0.2053497314453126,1.0013485698620595e-05,-0.05265016211864846,0.02487214026340973,0.08365272780633623,0.11047094259856238,0.07345496240885259,0.12419629800379187,0.1563748310598375,0.0992100101319797,False
41,0.128021240234375,-0.826416015625,0.229095458984375,0.286827243091496,0.146666939133389,0.330578186111536,-0.16204833984375,-1.37098693847656,-0.0380706787109375,-0.170261747443164,-0.277832416509753,-0.197800431011237,0.01640472412109375,-0.9908111572265629,0.1089004516601562,0.032264383027586246,-0.026159405807910367,0.03249088487829753,0.09640639610297061,0.16669099690376601,0.084486858019973,0.12345513332134772,0.13120035795755655,0.14294581565447897,False
42,0.336044311523438,-0.887603759765625,0.179580688476562,0.0122859610568625,0.374661491635617,0.0286430964721292,0.114410400390625,-1.08589172363281,0.0809478759765625,-0.0856866754410815,0.0743802250331501,-0.215437481646396,0.24794158935546878,-0.9625152587890614,0.13073120117187492,-0.040532672632344405,0.24809902188734564,-0.06950618750091973,0.0745680781588887,0.06446100926903982,0.03159457480631282,0.03421482845248184,0.10372919170810789,0.09004869903932278,False
43,0.377670288085938,-0.91925048828125,0.321517944335938,0.0788684504182606,0.422486804807369,0.0739589129486995,-0.0142669677734375,-1.08233642578125,0.115280151367188,-0.0867506082965681,0.0960186752061529,-0.130947364483087,0.23555908203124995,-0.9895996093749998,0.16417083740234367,-0.006762298639929209,0.29713367651010275,-0.043697839587903534,0.12332498906966845,0.05370658856905206,0.06061185467755407,0.04760969531438352,0.10214898423412083,0.0763746443644403,False
44,0.221221923828125,-0.831436157226562,0.374221801757812,0.0117266972279459,0.219610122442332,0.0288822483380183,0.006072998046875,-1.01087951660156,0.23583984375,-0.102266451123479,0.0233274269363311,-0.115445370093845,0.11296081542968746,-0.9191284179687498,0.30672454833984353,-0.04359935589079246,0.10771421344934498,-0.03121808029851596,0.06908801502410979,0.05074595739009072,0.04897982991691292,0.04654055411285213,0.062259061487586746,0.04922913643122972,False
45,0.158599853515625,-0.793365478515625,0.377792358398438,0.0708017354764106,0.0964354599167503,0.149061919901697,-0.09771728515625,-1.02330017089844,0.2449951171875,-0.15060735228227,-0.108165885570222,-0.0256955097776295,0.0163909912109374,-0.913475036621094,0.2978668212890625,-0.03407762288737765,-0.00796468924048905,0.026646870813838507,0.09696470253399007,0.07144051850164748,0.04239533896532908,0.06911050194360542,0.061150840377856105,0.05722787972144157,False
46,0.243850708007812,-0.782485961914062,0.31048583984375,0.056229184307606,0.221923610481284,0.0874930976084822,-0.081298828125,-1.07029724121094,0.187789916992188,-0.15285426129397,-0.0531572279901996,-0.173789903255301,0.0636566162109375,-0.9387481689453125,0.2373291015625001,-0.02188455288933703,0.06916945741269011,-0.051474216707713114,0.10347866597151101,0.08590496770808684,0.04135384339603387,0.06527936268689807,0.11149572419980683,0.08971618697164713,False
47,0.553756713867188,-0.731796264648438,0.461532592773438,0.148252052614204,0.346125986871527,0.210192385879485,-0.491256713867188,-1.10923767089844,0.139434814453125,-0.199378886589327,-0.314731844993346,-0.203611182193681,0.0954971313476563,-0.894889831542969,0.28908538818359386,-0.030629867908550157,-0.0006597182652345046,-0.049784227943170486,0.2926547908912421,0.11268189293820864,0.0793614644918478,0.10417911104051218,0.23398207277680208,0.14328409955919846,True
48,0.447769165039062,-0.909103393554688,0.484176635742188,0.0541340754780407,0.136798862030209,0.224923927765367,-0.103103637695312,-1.19721984863281,0.072174072265625,-0.285897799871058,-0.180084550807812,-0.137549340825394,0.05039825439453129,-1.0041061401367188,0.2643829345703126,-0.039804324705818586,0.00462029154356757,0.0007533816407724756,0.16076907410486746,0.10063482623412241,0.10216055831169164,0.09557561722676146,0.10955044062891436,0.10634946557042797,True
49,0.186935424804688,-0.840728759765625,0.317535400390625,0.0970085721833353,0.0580574443959454,0.0801795246229066,-0.164840698242188,-1.05293273925781,0.13348388671875,-0.0938215673068375,-0.0887000422145061,-0.0351633137689702,0.0309768676757813,-0.9558441162109373,0.2403457641601563,0.01292733014218633,-0.01263134641863492,0.02884610924202598,0.11299856824002501,0.05756632253293234,0.05447812628652963,0.06438882544571946,0.051685404973419384,0.03615182862199738,False
50,0.711471557617188,-0.834884643554688,0.985122680664062,0.28024657203791,0.319730598359425,0.404728314026503,-0.114105224609375,-1.11981201171875,0.137908935546875,-0.154075054337662,-0.372995950689882,-0.213264075880782,0.1109100341796875,-0.9248321533203127,0.2971862792968749,0.0061808240475212895,-0.0003606452748186273,-0.008252257374995802,0.2481583108837086,0.08385435187277857,0.2452980596980613,0.11591412261336846,0.19449467662363984,0.17965286697783753,True
51,0.524429321289062,-0.807479858398438,0.511550903320312,0.332635211737513,0.412668528816574,0.341899550221572,-0.465530395507812,-1.22273254394531,0.138961791992188,-0.111806426780361,-0.493830227249502,-0.207988087445226,0.025936889648437534,-0.9703567504882804,0.292205810546875,0.0675215732249818,0.014885792176219709,0.046500097581717796,0.28568726115858395,0.11837187994250098,0.11377010859214237,0.13603230312251172,0.2546579407101,0.17354977251792525,False
52,0.141494750976562,-0.75067138671875,0.420318603515625,0.24493305598346,0.230489934443633,0.277925094515688,-0.31951904296875,-1.34222412109375,0.09881591796875,-0.220392026538379,-0.341039615505585,-0.252245830020708,-0.01424560546875005,-1.0532836914062504,0.2262466430664063,-0.01609904847402702,-0.05435226826615084,0.03377442199727202,0.13515020829682428,0.1673902024905783,0.09252416239438328,0.11846318684896487,0.18307599074458045,0.18345564320401386,True
53,0.551422119140625,-0.595306396484375,0.4407958984375,0.233562956025475,0.39501416763433,0.445542056680294,-0.121658325195312,-1.01022338867188,-0.0864410400390625,-0.228350883456081,-0.284452768663581,-0.29443376379698,0.2424453735351563,-0.798519897460938,0.2329483032226563,-0.018393335121519465,-0.005197265393733297,0.010487235425012082,0.2444343309625884,0.13609135531020586,0.17391109737303498,0.15576047869205714,0.239168575331422,0.21442914306117203,True
54,0.424118041992188,-0.783126831054688,0.7117919921875,0.172341942570625,0.52848674146303,0.409695908407828,-0.513336181640625,-1.29093933105469,-0.190292358398438,-0.181259537480755,-0.327580265672434,-0.596176040573465,-0.01803436279296866,-1.0025833129882813,0.16657409667968737,-0.04802451762128976,0.05103878986948518,-0.08101594362646779,0.3194115033157088,0.13282480195554966,0.28991911986167024,0.13246622923182935,0.27718321586435263,0.27572685104062405,True
55,0.111541748046875,-0.923721313476562,0.0455322265625,0.0616007802262958,0.135542116311801,0.0566920417050618,-0.0437469482421875,-1.03071594238281,-0.087860107421875,-0.0705961394402565,-0.0865551322725563,-0.0849577682507268,0.04793853759765625,-0.9913177490234354,-0.0223419189453125,-0.011141414315179208,-0.0038653386377518915,-0.012792041558810327,0.051673778480811644,0.03372274851377836,0.04638843131668531,0.03968960774917467,0.06286115079643222,0.049117556629294984,False
56,0.123382568359375,-0.975784301757812,0.089599609375,0.022954051751502,0.0692586999408187,0.0460351362870007,-0.0253448486328125,-1.0379638671875,-0.0215606689453125,-0.0519356359981803,-0.0838299195290782,-0.0848128922874265,0.0540252685546875,-1.006661987304687,0.02948760986328125,-0.01551451124636562,-0.006493852002049219,0.0017771007637989809,0.044338260403995744,0.021941873628102414,0.03460068452851237,0.02398540703578937,0.043326130076092595,0.03798293212079029,False
57,0.085662841796875,-0.92449951171875,0.252334594726562,-0.0043521378534074,0.0021590246957272,0.0042224419083206,0.0290069580078125,-0.989837646484375,0.114395141601562,-0.0181244091146433,-0.0137781302156339,-0.0117866183524727,0.07112884521484375,-0.9572830200195312,0.21430358886718742,-0.01215192415919885,-0.004707962806652951,-0.0017115870009830202,0.015620577454530656,0.01986722364877394,0.050575127995248444,0.0048913972049496515,0.004556512039925421,0.00453645121409805,False
58,0.0785980224609375,-0.94635009765625,0.241500854492188,-0.0117586551610269,-0.0030799458006766,0.0019979034497774,0.072540283203125,-0.956802368164062,0.228683471679688,-0.017074324696825,-0.007362575149633,-0.0012029498643887,0.0759490966796875,-0.9515777587890625,0.234967041015625,-0.01377791716274673,-0.005228957010705139,8.567389226784997e-05,0.0020397398681435224,0.0033065263483446,0.003964805153928593,0.0016233874823339642,0.0015860923814408302,0.0012101774460472577,False
59,0.079437255859375,-0.947250366210938,0.23822021484375,-0.0128020816761199,-0.0041508028749975,0.0019899139665072,0.0717010498046875,-0.953781127929688,0.232696533203125,-0.0160029349902861,-0.0052355083869867,-0.0022634206104583,0.07556610107421875,-0.9510787963867189,0.2367156982421874,-0.01440756833927416,-0.004586682450610729,-0.00024229439597539,0.002563648621774355,0.0019901975913865174,0.0017291528948269012,0.0009058160369721202,0.0005522559116279052,0.001274928946072192,False
60,0.079620361328125,-0.94891357421875,0.238845825195312,-0.0117519972583017,-0.0030802121167856,-0.0001067927597121,0.0743560791015625,-0.955276489257812,0.23431396484375,-0.0170596773108296,-0.0073556509307988,-0.0012029498643887,0.076690673828125,-0.9514099121093749,0.2359970092773438,-0.013978879298604138,-0.00480226534085265,-0.00055721319487724,0.0017783455127390161,0.0020045452342630637,0.0012279728480692317,0.001543483354183404,0.0012509067679555047,0.0005453365115033429,False
61,0.0794525146484375,-0.949310302734375,0.238906860351562,-0.0128153974815703,-0.0031076426760134,0.0009483516641772,0.073211669921875,-0.952713012695312,0.235275268554688,-0.0149461926697427,-0.0062917180753122,-0.0012056130254788,0.07598114013671875,-0.9513076782226564,0.237200927734375,-0.0139878008882559,-0.00501486549067366,-2.3648870479890014e-05,0.001938276672947277,0.0011582270811510917,0.0012594187059225207,0.0009250955931312997,0.0008369338158844473,0.0009402548010887528,False
62,0.078338623046875,-0.9490966796875,0.239700317382812,-0.011729360389036,-0.0041574607777227,0.0009374327037078,0.073394775390625,-0.954681396484375,0.232833862304688,-0.0170610088913746,-0.0063063654613076,-0.0022362563673395,0.0758270263671875,-0.951318359375,0.2366973876953125,-0.01377059346974902,-0.00522909016875964,-0.0004473577999115,0.001435735925061035,0.0016461617779858094,0.00224058747883059,0.0017043532115882348,0.0008667376813750998,0.0011235084788703826,False
63,0.078582763671875,-0.9493408203125,0.241226196289062,-0.0127861027095794,-0.0031081753082314,0.0019789950060378,0.07275390625,-0.952743530273438,0.238067626953125,-0.016032229762277,-0.0052280515359345,-0.0012056130254788,0.07573394775390625,-0.9513046264648439,0.2395095825195313,-0.014086550901476019,-0.004376026408385459,-0.00023955134005262005,0.001625473694401501,0.0010998342561513554,0.0011067794818164064,0.0009849556743512032,0.000669573087247299,0.0011708710975900283,False
64,0.0782012939453125,-0.947921752929688,0.242477416992188,-0.0107019128404834,-0.0031081753082314,0.0009701895851158,0.074371337890625,-0.954238891601562,0.234970092773438,-0.0149608400557381,-0.0052488241924371,-0.0012056130254788,0.0764495849609375,-0.9505126953125,0.238787841796875,-0.01366598450213071,-0.00469784279451063,-2.1172130666120024e-05,0.0012021197306909203,0.0018884055523950211,0.0019238826014621212,0.0013996417894394033,0.0007521178436556239,0.0009365482165763443,False
65,0.0788726806640625,-0.949020385742188,0.23980712890625,-0.0117519972583017,-0.003093794238345,0.0009483516641772,0.0745086669921875,-0.952499389648438,0.235702514648438,-0.0149608400557381,-0.0052421662897119,-0.0001312938417409,0.07647857666015626,-0.9499893188476565,0.2377914428710938,-0.01378058032383683,-0.00480338386851047,0.0005110339815752801,0.0013583550801637733,0.001110466462334564,0.0013191858299256077,0.0010600537624873478,0.0007475113846610378,0.0005441540090823377,False
66,0.0778961181640625,-0.947845458984375,0.238677978515625,-0.0117213709057658,-0.0020301276989674,0.0020034960880666,0.072357177734375,-0.95330810546875,0.230941772460938,-0.0149368716059274,-0.0063058328290896,-0.0022498384888989,0.0757080078125,-0.950883483886719,0.2356903076171876,-0.01312989017469777,-0.00459499151321178,-0.00022919164341218,0.001746540071327453,0.0017704060742637512,0.0024088361241120467,0.0011343700923377247,0.0015220878380380726,0.0011672580352402595,False
67,0.07818603515625,-0.949325561523438,0.237594604492188,-0.0128020816761199,-0.0041574607777227,0.0009238505821484,0.074981689453125,-0.953155517578125,0.233856201171875,-0.0149541821530129,-0.0062922507075302,-0.0011920309039194,0.07656402587890625,-0.9514556884765625,0.235369873046875,-0.013986602465765349,-0.005440412001257449,-0.00034240262135145,0.0010373246076755668,0.0010513737507712366,0.0011438280678830591,0.0007914672494770859,0.0009768696983456053,0.000668828081599115,False
68,0.08050537109375,-0.948745727539062,0.242401123046875,-0.0117453393555765,-0.0041577270938317,0.0051715925208248,0.0715484619140625,-0.954498291015625,0.233184814453125,-0.0171568826906175,-0.0094960334988955,-0.0022607574493682,0.0764617919921875,-0.951165771484375,0.23748016357421853,-0.01389064877168979,-0.0058664378808374,0.00019278623131084002,0.002847962131476857,0.001692819591680635,0.0027934305695470865,0.0017457352364697075,0.001440106571987769,0.0023016887961204574,False
69,0.116302490234375,-0.862930297851562,0.392333984375,0.0041505365588884,0.0522762543016014,0.0842789284888656,0.0358428955078125,-1.00527954101562,0.251449584960938,-0.0275858215193678,-0.0201449494336864,-0.0162119931358574,0.0781951904296875,-0.9284423828124995,0.33579711914062516,-0.01158818621965088,0.00401250491958969,0.00850733494420363,0.021132451726372757,0.039663262928370885,0.04743836199127758,0.009910692497195644,0.020823870448296613,0.028121438887186833,False
70,0.206695556640625,-0.815185546875,0.449783325195312,0.0593599964851032,0.0249117414688192,0.0938857494891084,0.00836181640625,-1.09819030761719,0.21807861328125,-0.068193435504787,-0.155071076585352,-0.123319272172773,0.08794708251953125,-0.9268692016601566,0.3682754516601563,0.004563060211741759,-0.017154379319192798,0.007341243229301532,0.06489544353771785,0.07702503382876781,0.07846608477450467,0.04498381160996123,0.05367278358120759,0.056781783207162685,False
71,0.367843627929688,-0.626617431640625,0.618072509765625,0.157521184788225,0.299706822755337,0.296716625483396,-0.1788330078125,-0.945785522460938,0.3345947265625,-0.455127838707926,-0.321156454807054,-0.195219295282732,0.07227172851562509,-0.823960876464844,0.43858642578125,-0.09355847362274854,-0.03182948882157652,0.033349727698237165,0.157628157471708,0.09767574233652489,0.08232708309183817,0.16958323077048998,0.17155153455345462,0.12880454267675845,False
72,0.250457763671875,-0.774887084960938,0.532562255859375,0.0454678829748138,0.208261061456959,0.226313032589953,-0.107498168945312,-0.993896484375,0.142242431640625,-0.0805180123974557,-0.339585795866511,-0.140555517063875,0.07740020751953144,-0.9038925170898438,0.3787643432617187,-0.012662052666003537,-0.0031091873094457614,-0.0024672855919039495,0.11664855111817936,0.06603040260571784,0.1075673127980843,0.05239820396470677,0.17764793039742327,0.11911660301591158,False
73,0.411026000976562,-0.735610961914062,0.425125122070312,0.0979220364372325,0.31387191027736,0.075957349030695,-0.0928497314453125,-1.19935607910156,0.159500122070312,-0.182852374128731,-0.16408055055309,-0.317215242709845,0.08690643310546867,-0.902137756347656,0.35753173828125,-0.0485959787279991,0.026580265154975663,-0.06048736583775553,0.1784214134062999,0.1342979088361374,0.07589154023052826,0.07617643195438069,0.16327743262690986,0.1220159329857036,False
74,0.2308349609375,-0.777664184570312,0.409072875976562,0.205552892944458,0.313721175359661,0.172973910697301,-0.2030029296875,-1.09278869628906,0.15582275390625,-0.22115954956454,-0.128697525994188,-0.187324886863411,0.08228302001953139,-0.9327987670898434,0.27123870849609377,-0.030555166239973404,0.09401195669316731,-0.04245765873147553,0.1526861644475928,0.10441606276217485,0.08310109253164294,0.14496976134848047,0.1448092518043014,0.11482054547377159,False
75,0.456314086914062,-0.54034423828125,0.344818115234375,0.241535927696955,0.260343703947312,0.316417892279476,-0.135025024414062,-1.05706787109375,-0.225448608398438,-0.130088495031537,-0.275906418409408,-0.311205819710081,0.110809326171875,-0.9241806030273431,0.20706787109375008,-0.00541476575996001,-0.01241280741958303,-0.01569675135975961,0.1888763437897421,0.15022284444085554,0.1655803189298442,0.1184775310754236,0.16171022035468777,0.16555162268494023,False
76,0.119796752929688,-0.685134887695312,0.358978271484375,0.0435429501389046,0.167888338279685,0.0613573673026626,-0.213211059570312,-1.06175231933594,0.115921020507812,-0.160061307835942,-0.100267748725374,-0.157990700088406,-0.0216659545898438,-0.905877685546875,0.24713287353515612,-0.03800887476210888,0.02843070937519541,-0.03170258919563412,0.13792201271380433,0.12719346352148378,0.06911319018416723,0.07645459955409188,0.10494325908659205,0.06946161912802563,False
77,0.170806884765625,-0.828094482421875,0.359893798828125,0.112663432019148,0.0479981523264981,0.180692017852459,-0.156295776367188,-1.029541015625,0.174911499023438,-0.17722618000983,-0.231414850290217,-0.0490189419723255,-0.0116928100585938,-0.934307861328125,0.26593322753906257,0.01727555314879144,-0.06105664315237086,0.04255651527113919,0.11679289219225601,0.06315562831306913,0.0544291240554441,0.08780673761992477,0.08275591441756268,0.06614141286093025,False
78,0.577377319335938,-0.793960571289062,0.590103149414062,0.293128015914515,0.277820698600957,0.203834887725248,-0.136642456054688,-1.40095520019531,0.139450073242188,-0.197570600209163,-0.307674468104636,-0.263944564057208,0.17069549560546893,-1.014131164550781,0.27469940185546887,-0.034892656707385415,0.05978634194401401,-0.0554215540754285,0.1901084342092702,0.16853535476858547,0.13038645681386096,0.1406869794968235,0.18134960150849844,0.13625958678104386,True
79,0.209396362304688,-0.82537841796875,0.345703125,0.105238272583898,0.122050009597241,0.143006424215075,-0.16668701171875,-1.15736389160156,0.15826416015625,-0.17433771549153,-0.156982427299702,-0.129530562783165,0.0286972045898438,-0.9570983886718745,0.27105865478515645,-0.03920053282347581,-0.040904423288908615,0.04054020937822926,0.14136611174777927,0.10065046604710656,0.06771342569008902,0.08297106228263333,0.0825480958900824,0.09473560354545868,False
80,0.248565673828125,-0.703109741210938,0.386993408203125,0.127187513656113,0.220116389365556,0.323158619314575,-0.311050415039062,-1.09381103515625,0.0921783447265625,-0.319828869003649,-0.247064117487741,-0.164840883044308,-0.05565185546875,-0.9095031738281254,0.2651992797851562,-0.03314421155691577,-0.09486648519214104,0.08968069802270598,0.1843270045381647,0.1052217150725531,0.08477793103755386,0.13384710578448247,0.14982178335487167,0.14803393480847352,False
81,0.394378662109375,-0.773590087890625,0.409271240234375,0.279370392039274,0.331937729848021,0.438978163541576,-0.2584228515625,-1.40019226074219,-0.00433349609375,-0.177021116605894,-0.427234422082654,-0.189256477602045,0.056622314453125,-1.014276123046875,0.22887420654296875,0.059019138497183876,-0.09833266924571184,0.12315277134142137,0.21148868769750087,0.17615504834118703,0.1538706612618544,0.1439446606956986,0.22952477274446054,0.18460457737136746,False
82,0.509521484375,-0.480072021484375,0.312820434570312,0.0722917741063099,0.322664070300147,0.213417473959571,-0.0430755615234375,-1.09744262695312,-0.02191162109375,-0.449860372387858,-0.422512371153834,-0.281880421366674,0.15489044189453122,-0.8464416503906247,0.1496658325195312,-0.10539803561769204,0.013866627058657238,-0.056664637777444925,0.1766005983155593,0.194208414163847,0.11508407467985333,0.1692979172716388,0.2193344487392272,0.147648491268631,True
83,0.397445678710938,-0.878982543945312,0.307937622070312,0.144016028584324,0.325493678958357,0.187440201738611,-0.38641357421875,-1.29920959472656,-0.02081298828125,-0.172865786357043,-0.259633438884588,-0.120279540104557,0.04202117919921875,-1.0218322753906244,0.14730072021484367,0.008415189570486972,-0.009515234890354995,0.041159953595501605,0.22083612711586423,0.12387580875230184,0.11168300783144558,0.1005421127814055,0.17460353227055045,0.09987250587138893,False
84,0.146896362304688,-0.867050170898438,0.458908081054688,0.387994607633099,0.397296763004637,0.352496268198997,-0.681503295898438,-1.67045593261719,-0.118362426757812,-0.157467122618096,-0.619776707837638,-0.235881504070498,-0.18035430908203137,-1.0746551513671867,0.03670959472656265,0.00026658242511688675,-0.05360852726852432,0.028928853657094782,0.2826312512950908,0.21944137800506422,0.16494261787807216,0.1590662047838572,0.30446678751800577,0.21087827616031543,True
85,0.156326293945312,-0.988143920898438,0.147811889648438,0.140469230644556,0.0928750798554234,0.0542720272225068,-0.101531982421875,-1.1495361328125,-0.066436767578125,-0.056397496088499,-0.100029662123921,-0.0892310765358679,0.0257431030273437,-1.050131225585937,0.03209686279296875,0.00964301335945695,0.006104204902959739,-0.016443341939752533,0.07397441928686617,0.058489854501461866,0.06591514033854563,0.06139973389567239,0.06905858102085785,0.05161039460300763,False
86,0.0433349609375,-0.938278198242188,0.289398193359375,0.0075276911372179,0.0150351422501513,0.026684874122594,-0.00189208984375,-1.0303955078125,0.0106048583984375,-0.0509326895316564,-0.0350597168025662,-0.0143776077770108,0.02099609375,-0.9790527343749998,0.12953033447265624,-0.01186619360584425,-0.004709427545252524,0.0007436344711828303,0.016550248133444554,0.02957803492659113,0.1013676681565348,0.016391004751845902,0.013258419602246465,0.0109564274178484,False
87,0.0410308837890625,-0.943496704101562,0.2540283203125,-0.0106712864879475,-0.0020375845500196,0.0020253340090052,0.0299530029296875,-0.959823608398438,0.24688720703125,-0.0149754874417336,-0.0062922507075302,-0.0022716764098375,0.03499298095703125,-0.9498321533203127,0.25004882812500007,-0.01366438660547666,-0.0044851094866351,-2.1704762884150062e-05,0.0032315511161314643,0.004670268635639512,0.002095439130689518,0.0014929450215982983,0.0014193954297551973,0.001624986381696414,False
88,0.0370941162109375,-0.946151733398438,0.251922607421875,-0.0128007500955749,-0.0031079089921224,0.0020144150485359,0.03350830078125,-0.952041625976562,0.246505737304688,-0.0170903036633655,-0.0052352420708777,-0.0022852585313969,0.0349609375,-0.949639892578125,0.2498046875,-0.014518568893508688,-0.00479867007338103,-2.9640982932569957e-05,0.0011927433189247263,0.0018839946656814862,0.0017851957209679338,0.0015152564388413252,0.0007432018639026919,0.0012839130829379296,False
89,0.0378570556640625,-0.947525024414062,0.251068115234375,-0.0128247185453856,-0.0041505365588884,0.0009129316216791,0.032012939453125,-0.952880859375,0.247390747070312,-0.0160175823762816,-0.007362575149633,-0.0012082761865689,0.0353729248046875,-0.9502853393554688,0.2490585327148435,-0.01462530838999906,-0.005223497530470479,-0.00024288029141519,0.001847858325606424,0.0016597349903970779,0.0011553331973951704,0.0010047864837335787,0.0011263477651060352,0.0006032590583574402,False
90,0.0372467041015625,-0.945846557617188,0.251190185546875,-0.0117453393555765,-0.0041646513126659,0.0019952402886873,0.033050537109375,-0.95440673828125,0.245407104492188,-0.0170689983746449,-0.0073489930280736,-0.0012247877853274,0.03515472412109375,-0.9493606567382814,0.24907073974609378,-0.014737374208669602,-0.0059673716861514,-0.0002421079746991,0.0016199799621914096,0.002683003020324081,0.002235728803135216,0.0015724808672606472,0.0008753483437608476,0.0011726257552536644,False
91,0.0394744873046875,-0.9486083984375,0.252761840820312,-0.0106726180684925,-0.0031015174055062,0.0009592706246465,0.032196044921875,-0.953582763671875,0.247543334960938,-0.0160042665708312,-0.0084259753729017,-0.0022660837715484,0.0358245849609375,-0.9507278442382813,0.250054931640625,-0.013670378717929341,-0.00586795588265874,-0.00033806166877463996,0.0021165675506451434,0.0016586903414333328,0.0017578054357315382,0.0015724287857260672,0.0015184556579036501,0.0011054094377088424,False
92,0.0362396240234375,-0.947967529296875,0.252395629882812,-0.0127927606123046,-0.0020442424527448,0.0009536779863573,0.0330810546875,-0.952499389648438,0.248428344726562,-0.0160415508260923,-0.008405469032508,-0.0011946940650095,0.03495941162109375,-0.9502807617187502,0.25027770996093734,-0.01388984982336276,-0.0057600712268996304,0.00019251991520183,0.0009577974833233859,0.001207367855243108,0.0012855432939526906,0.001339321921612396,0.0018867074812392332,0.000719356487804451,False
93,0.045013427734375,-0.936599731445312,0.26885986328125,-0.0127874342901245,0.0001102548691292,0.002019475054607,0.024017333984375,-0.952407836914062,0.248260498046875,-0.0181337301784585,-0.0116097844560914,-0.0023068301362266,0.03597564697265625,-0.9475845336914064,0.2558700561523438,-0.01462410996750852,-0.00564904404105425,-0.00056163404228677,0.0055187901522577515,0.0046217730487663625,0.007009439025464439,0.0017289253428862494,0.0031030373089681786,0.0012622965135981208,False
94,0.045654296875,-0.934890747070312,0.277999877929688,-0.0118784974100804,0.00329379763621,0.007363640414069,0.0284271240234375,-0.952438354492188,0.254806518554688,-0.016939835061776,-0.0084313016950818,-0.0065737468347515,0.0358856201171875,-0.9465667724609375,0.2678756713867187,-0.01425329141732588,-0.0019287145246571654,-0.0022733808329352097,0.00479860707585867,0.00610489215163355,0.006352138770566787,0.0016053562432660794,0.003808201658611372,0.004460645815688508,False
95,0.04620361328125,-0.932830810546875,0.275466918945312,-0.0032341428277922,-0.0009872338160923,0.0126231172508666,0.016387939453125,-0.977218627929688,0.145355224609375,-0.0234334207477162,-0.0083974795492378,-0.005447762325866,0.03538360595703125,-0.953996276855469,0.22718658447265622,-0.013354288128147821,-0.004167873737584859,0.0008336226844166218,0.009228941068312086,0.016217819745208823,0.048710974160958556,0.005490416719685139,0.0024988824302645614,0.005499461998734529,False
96,0.0387725830078125,-0.943405151367188,0.259613037109375,-0.0128020816761199,-0.0041643849965569,0.002017078209626,0.0338287353515625,-0.9576416015625,0.243865966796875,-0.0160575297926328,-0.0094763261068289,-0.0012138688248581,0.03625946044921875,-0.9504837036132813,0.2514083862304687,-0.014532816805340609,-0.00650050990477438,8.122641324740996e-05,0.0017591125778631056,0.003840505484638062,0.00462188275717864,0.0012500724453302875,0.0017903705343088594,0.001407584753931849,False
97,0.0381317138671875,-0.946044921875,0.255447387695312,-0.0106659601657673,-0.0041713092153911,0.0009456885030871,0.033233642578125,-0.952362060546875,0.248565673828125,-0.0149688295390084,-0.0073487267119646,-0.0022253374068702,0.035504150390625,-0.94976806640625,0.2508682250976561,-0.0135682997533466,-0.0058685684097094706,-1.7150757420099984e-05,0.0015280441180864073,0.002294778481190282,0.0021179928432665616,0.0014330904135621883,0.0008935943491730541,0.001053251193904976,False
98,0.04180908203125,-0.946975708007812,0.280349731445312,-0.0128460238341062,-0.0041574607777227,0.0020144150485359,0.033966064453125,-0.953079223632812,0.249496459960938,-0.0149994558915443,-0.0084118606191242,-0.0012082761865689,0.03682403564453125,-0.9497344970703123,0.2566787719726561,-0.014318672022087323,-0.00575724827614416,0.00040136500788585,0.00244473177863318,0.0016628704447874617,0.008878109765316477,0.0007426688407808401,0.001523821159556518,0.0010402192858262095,False
99,0.045440673828125,-0.930511474609375,0.286529541015625,-0.0073825488578086,0.0108084392840866,0.0051793156879861,0.0306854248046875,-0.962783813476562,0.203338623046875,-0.0264651633326624,-0.0169494224417003,-0.0076672407783381,0.03672943115234375,-0.9457839965820313,0.2608444213867188,-0.015343589567604319,-0.00532552323183143,-0.0022757776779162887,0.004896808539400541,0.01090195470031697,0.024605514345064475,0.005850124943733077,0.008085802069464512,0.004766087058441113,False
100,0.047698974609375,-0.93865966796875,0.274627685546875,-0.0096238652312193,0.0011661982413457,0.0041380197017651,0.03375244140625,-0.967910766601562,0.199249267578125,-0.0160109244735564,-0.0105386610656616,-0.0054967644899235,0.04046783447265625,-0.9540267944335937,0.2354598999023439,-0.01301675909159119,-0.00448942380760104,-0.0006547914172177399,0.0042403540618535735,0.010994873608752525,0.025841030908691224,0.0022259527535533077,0.003330849530416043,0.002378465208715975,False
101,0.048004150390625,-0.943862915039062,0.255279541015625,-0.0106273443299612,-0.0031015174055062,0.0009510148252672,0.0361785888671875,-0.954238891601562,0.241180419921875,-0.0160415508260923,-0.0073415361770214,-0.0032993902744991,0.04184722900390625,-0.948699951171875,0.2501678466796875,-0.014404905178184088,-0.0050122555928054004,-0.00066765448528285,0.0037326465666369154,0.003223037697151759,0.0041146578963078976,0.0017047945184504416,0.0015636168994842793,0.0016778912419472955,False
102,0.047027587890625,-0.939666748046875,0.276901245117188,-0.0108004498008164,0.0086424903695251,0.0061676147685145,0.0339202880859375,-0.954864501953125,0.237136840820312,-0.0202538727222706,-0.0105660916248894,-0.0044008737013559,0.041436767578125,-0.9475265502929687,0.2541961669921875,-0.013763136618696792,-0.0026760774213660903,0.0003991013209592701,0.003330031985363805,0.005923120680011041,0.015408009244038852,0.002510891467571093,0.005008963403763971,0.00344708048728045,False
103,0.053436279296875,-0.935348510742188,0.273544311523438,-0.0094494281798191,0.0022578279721691,0.0041710428992821,0.03668212890625,-0.958770751953125,0.253997802734375,-0.0201553357619377,-0.0063116917834877,-0.0086321040412738,0.04412078857421875,-0.9441589355468751,0.2652038574218751,-0.014675322555270742,-0.001606871506921101,-0.0023851537038858503,0.005105824049381562,0.006761815870432156,0.006218231444727694,0.0031998525425988387,0.0034851903298150247,0.0040098088112668,False
104,0.081451416015625,-0.863021850585938,0.4437255859375,0.0191997935628173,0.0085157239016373,0.0255690096258508,0.0345458984375,-0.946014404296875,0.30517578125,-0.0564587487935708,-0.0456481789806122,-0.0298929179717034,0.0590728759765625,-0.906439208984375,0.40477752685546875,-0.014842782124614911,-0.007775178697319041,-0.0013047358812516105,0.01590643876675088,0.023035501827656193,0.03790822044561626,0.021094407529140678,0.016197701380499245,0.013514008176701271,False
105,0.394607543945312,-0.675430297851562,0.5977783203125,0.11764780431534,0.105497131841854,0.111008277401664,-0.0306854248046875,-0.996597290039062,0.358551025390625,-0.0931368685905781,-0.0668434791482258,-0.0308101106511267,0.1251937866210937,-0.9129898071289062,0.4370422363281249,-0.01847701164296979,-0.0117901337251116,0.02073904740966125,0.12325003880949884,0.09268804073422977,0.07055699261464261,0.06475208316934249,0.049637163799397116,0.04676531240219419,False
106,0.245712280273438,-0.839309692382812,0.424514770507812,0.0912955590128974,0.207705526053569,0.100450974208372,-0.109039306640625,-1.03813171386719,0.21795654296875,-0.181301881742087,-0.138861213978367,-0.194695984128532,0.054656982421875,-0.9076324462890627,0.3396072387695312,-0.03192672083297508,0.015631477281441868,-0.000793701899676301,0.1219027273804764,0.06036331018869526,0.061149703832385056,0.07618584597921542,0.12802646749794028,0.0927556434466286,False
107,0.217727661132812,-0.680450439453125,0.38232421875,0.149298674922605,0.106799683931012,0.0954436987268048,-0.175994873046875,-1.00578308105469,0.0168914794921875,-0.191598461464661,-0.0306689631133525,-0.0841710704647174,-0.00578765869140625,-0.8825439453125004,0.28549346923828123,-0.037947648688648083,0.0324758113865277,-0.010707984847768803,0.12044451945249081,0.09216723855875887,0.1086933218574975,0.09493882965453479,0.04903532938822136,0.06340888600202231,False
108,0.279159545898438,-0.795578002929688,0.27557373046875,0.0778346112830919,0.263265724295347,0.0970133658732975,-0.163253784179688,-1.36456298828125,0.0314483642578125,-0.168137610157717,-0.105112571380446,-0.181260602745191,0.0290374755859375,-0.949867248535156,0.20180206298828124,-0.038689631999955065,0.045878409256849606,-0.04241672594552094,0.1317856955847975,0.16090063042770966,0.07783644190862571,0.07035539114755289,0.12853845923174292,0.09042803448164587,False
109,0.204818725585938,-0.844879150390625,0.317596435546875,0.222024277970489,0.130311135298667,0.332882353086672,-0.289947509765625,-1.346923828125,0.1192626953125,-0.148322626383091,-0.428356145533795,-0.150560746963194,-0.03238525390625004,-1.0124618530273444,0.213482666015625,0.001622664052185277,-0.09105448967102335,0.06486416456285707,0.1730266024507432,0.15311292846348556,0.06839051892021523,0.10629768910306979,0.20468675044803036,0.16768409730425834,False
110,0.160049438476562,-0.895675659179688,0.295028686523438,0.061673484524055,0.131171070014654,0.171142188499544,-0.18682861328125,-1.02809143066406,0.144088745117188,-0.0539686931743468,-0.150059007413823,-0.108578675539185,0.0016403198242187001,-0.9820175170898432,0.20781402587890646,0.0019192869343983097,-0.019157396038263226,0.012650414652039883,0.09681382070025688,0.04925380078217661,0.04632481635768355,0.03608555673583002,0.08570069427250439,0.09065848332251641,False
111,0.219696044921875,-0.698089599609375,0.156051635742188,0.0726430450540914,0.190952112268098,0.094777642138176,0.00933837890625,-1.06686401367188,-0.137039184570312,-0.253152370055771,-0.0802362499541253,-0.2280558052073,0.0864547729492187,-0.949090576171875,0.0955093383789063,-0.05354935182910292,0.04586687776932945,-0.053764082507795886,0.06314428793541083,0.10984601278342376,0.08438684262714898,0.11354742052275203,0.07440101800408594,0.09244313902980017,False
112,0.291229248046875,-0.420654296875,0.83160400390625,0.0841447051699256,0.278170105335976,0.0833550779067171,-0.358169555664062,-1.18409729003906,-0.136474609375,-0.0668999381633355,-0.182434524153698,-0.241984404024524,0.0075347900390626,-0.9622512817382802,0.07496185302734375,0.014884274174398382,-0.016479241351246683,-0.007161959224717402,0.16881771831006148,0.2059582977033399,0.2725170015957,0.050167463597803184,0.14783031656231777,0.10305028751984519,False
113,0.194747924804688,-0.920654296875,0.116134643554688,0.192934569383553,0.169144018733658,0.083923662799449,-0.0628662109375,-1.14918518066406,-0.08062744140625,-0.170556026743618,-0.0654567711686216,-0.205829595381717,0.0691009521484375,-1.0465042114257805,0.0298797607421876,0.006320506846695878,0.02026854673987704,-0.045941419648240764,0.07394951239723549,0.0723589443007403,0.0651525388465524,0.1026037406890032,0.0837307400758181,0.10080832849873472,False
114,0.117874145507812,-0.888137817382812,0.086883544921875,0.0608138161241774,0.136332808839445,0.0840847840453988,-0.0813140869140625,-1.04971313476562,-0.125946044921875,-0.0353625182185082,-0.116026738159809,-0.0976802214102533,0.00718078613281245,-1.00537109375,-0.04819183349609375,0.003817614791017679,-0.04533432544614629,0.03075642132355071,0.07185588599217482,0.04639843407978959,0.06151244363414665,0.030188611270980836,0.0779114857278411,0.05197716089007901,False
115,-0.044036865234375,-0.887924194335938,0.253265380859375,0.0825686464368167,-0.112672486766854,0.265084397003762,-0.336700439453125,-1.24472045898438,0.088592529296875,-0.0328498257300184,-0.731695253699891,0.0057550911156612,-0.1722274780273437,-0.9884109497070318,0.18213043212890628,0.01386761242826062,-0.3891768913674289,0.1352760398872911,0.11559734508899823,0.1008171987864634,0.05137345838706427,0.04290399553338715,0.2110780884107246,0.09100254623796089,False
116,-0.0014190673828125,-0.894012451171875,0.512969970703125,0.155001568080901,-0.0955113430184928,0.178575337418064,-0.364166259765625,-1.02836608886719,0.200286865234375,-0.0353132497383417,-0.595092134009803,-0.0395649864186532,-0.1527374267578125,-0.9429504394531254,0.3588897705078124,0.05442678351345136,-0.41657274960624147,0.090447901469536,0.12028222406665802,0.04200497070437685,0.12079091595883525,0.06929689085004416,0.15820022763014638,0.06813820308096633,False
117,0.170883178710938,-0.7271728515625,0.617279052734375,0.0867780388557959,0.110427175651809,0.111068731158409,-0.182968139648438,-0.973342895507812,0.4708251953125,-0.135907768329469,-0.186411688925622,-0.124291059654543,-0.01563262939453125,-0.8317214965820312,0.55927734375,-0.02819533919805422,-0.03480882039626971,0.025710157163625014,0.09931396571034085,0.08267449139736535,0.04330174589518869,0.0791535905593746,0.07983868422152958,0.06976491029644175,False
118,0.363800048828125,-0.716796875,0.464279174804688,0.0541553807667613,0.250873236794881,-0.0093096122225899,-0.0678558349609375,-0.95050048828125,0.373291015625,-0.221461552032155,-0.0702736306322479,-0.21342839292004,0.10184936523437504,-0.8647018432617187,0.4122711181640626,-0.06511492781109894,0.08678453696885567,-0.08106992590176368,0.12829883268408454,0.07940034874019661,0.030445025518731954,0.07926849848166713,0.12031769931563882,0.06767600740795918,False
119,0.238754272460938,-0.787445068359375,0.456756591796875,0.151873685380603,0.105077151337948,0.136876360017931,-0.258682250976562,-0.994186401367188,0.274429321289062,-0.130785177972701,-0.176520708637068,-0.1124964518188,-0.03497619628906245,-0.9367904663085938,0.3660034179687501,-0.013011486032632741,-0.07714040508174087,0.005930034167668574,0.15720905755414438,0.060225397373768835,0.06324113575492339,0.07765535448007199,0.0938454577949927,0.09562398963123094,False
120,0.136734008789062,-0.854660034179688,0.538360595703125,0.182751174007308,0.215394871068955,0.0989915619310083,-0.007110595703125,-1.20486450195312,0.192581176757812,-0.0633760434089427,-0.0993188644289791,-0.0277197785221988,0.0582977294921874,-0.9946975708007801,0.2979156494140624,0.01684292262970798,0.003405783560047837,0.03161696856658801,0.05162658249436209,0.10973653905973592,0.10699318851406427,0.07745514640840725,0.10439704463873868,0.047323370331806384,False
121,0.207183837890625,-0.812759399414062,0.3907470703125,0.0554997444850333,0.0828751762782848,0.120725885903254,-0.21417236328125,-0.973983764648438,0.23065185546875,-0.13283900780537,-0.282621312781934,-0.0762476335895136,0.00370178222656245,-0.8984710693359375,0.3421188354492188,-0.02150657043582207,-0.04304344764484931,0.02270786914033503,0.12632115992616114,0.06491148601209926,0.04844820326153432,0.05997111685276508,0.10102570810348928,0.05178663711929041,False
122,0.113906860351562,-0.876068115234375,0.390350341796875,0.0376280693578386,0.0282231159682237,0.089065427916065,-0.093170166015625,-0.963058471679688,0.27703857421875,-0.0877841811156279,-0.0853290129066838,-0.0515332323574693,0.00645446777343745,-0.9119049072265625,0.3349884033203126,-0.0322520525917392,-0.016379612494866958,0.0287130843455765,0.05744634865078913,0.030000779240585588,0.041221075583734904,0.037768546339540895,0.040379964602282506,0.04930694081439264,False
123,0.197341918945312,-0.858001708984375,0.317276000976562,-0.0040778322611293,0.205623200397236,0.0614220821171515,-0.136749267578125,-1.04049682617188,0.2020263671875,-0.101072289690687,-0.111477526385736,-0.18234530825718,0.05325164794921875,-0.9495819091796879,0.2644897460937499,-0.044711598488453096,0.006455822061682849,-0.02862248360529196,0.11345826092091568,0.0663416085836981,0.04613812137455072,0.02979941175553965,0.09435912154964042,0.0667105533047379,False
124,0.111587524414062,-0.820175170898438,0.278121948242188,0.124221817466201,0.0098198738874491,0.0714054740955316,-0.187835693359375,-1.09371948242188,0.119674682617188,-0.172416511081147,-0.157141684332888,-0.12986212633888,-0.02246398925781255,-0.9513488769531253,0.2129547119140625,-0.02156049944789621,-0.04729771432819637,0.024317616861233425,0.08688460575943853,0.08973401769805814,0.05073931421516452,0.07432405968444375,0.05543289229853505,0.05987536155814341,True
125,0.167373657226562,-0.857894897460938,0.1871337890625,0.0121836956710035,0.132233404973486,0.0611818649868264,-0.05950927734375,-1.02981567382812,0.0431976318359375,-0.106663063767091,-0.182963960578406,-0.116920761337749,0.0804275512695312,-0.9811080932617184,0.10455932617187509,-0.039358405012895795,-0.012085931027386828,-0.01753782125294238,0.06426055210941074,0.05559881768759674,0.047725562529818945,0.035269978365007754,0.10417669208777414,0.06312365710080015,False
126,0.0849609375,-0.921066284179688,0.195648193359375,0.036565734399006,0.0722417066778164,0.0478886964056959,-0.0457611083984375,-1.03317260742188,-0.0064239501953125,-0.0558715217732084,-0.0476146571295267,-0.0736302788701838,0.02591552734375,-0.9846740722656255,0.08661956787109379,-0.016765770852928442,-0.00127458889771195,-0.00507294903404832,0.042084520440464714,0.034423992857002206,0.05831598834418119,0.02988831924694462,0.03854839304562004,0.037735428526573515,False
127,0.139617919921875,-0.885848999023438,0.41119384765625,0.0399255784302499,0.0565245288724958,0.137521643950057,-0.074249267578125,-1.021240234375,0.070709228515625,-0.0235673777505472,-0.247020441645864,-0.0417245437465984,0.034771728515625,-0.934898376464844,0.31993255615234373,-0.003551564998118759,-0.09666451840210809,0.02761479671202786,0.05711489638779572,0.03705651596127131,0.10638009669433432,0.01756672905251408,0.10571432074255091,0.05817946308272239,False
128,-0.0549468994140625,-0.798080444335938,0.37603759765625,0.0605112810243444,-0.291624927795274,0.189298821863377,-0.201248168945312,-0.980438232421875,0.264205932617188,-0.0207984891651918,-0.550055683131582,0.0554046696341175,-0.12659759521484365,-0.9192794799804688,0.3173233032226564,0.018851531987067596,-0.47260693725883174,0.12242793878753455,0.05629791245878896,0.055249782724108104,0.037255730864143626,0.02294449123880265,0.08105995773269567,0.04598287257158257,False
129,0.141067504882812,-0.850799560546875,0.5303955078125,0.0245588726243837,0.041509094014411,0.134923197674466,-0.224594116210938,-0.981460571289062,0.274703979492188,-0.0679103414809116,-0.413455759234802,-0.0620010533381347,0.00659637451171865,-0.9261734008789062,0.40772247314453136,-0.012760216783783852,-0.16574806223803223,0.01693003462896451,0.09563015678956693,0.039477301688428515,0.0660460848928923,0.0277291043034535,0.14779022942034498,0.06764886530191455,False
130,0.203643798828125,-0.905654907226562,0.260543823242188,0.0296678808595917,0.10338551141353,0.0519811760528206,0.043853759765625,-1.01861572265625,0.096923828125,-0.0586241650759143,-0.0762870483736468,-0.0752430892263357,0.1246170043945312,-0.967179870605469,0.1880310058593752,-0.011449595316523162,0.01570942800654849,-0.010713284538338027,0.048166376102195936,0.044897830011574,0.05814707528191451,0.03225614548515964,0.05211677809383663,0.036645968044951634,False
131,0.32928466796875,-0.950668334960938,0.199691772460938,0.0045132590993572,0.304301574584051,0.0585703692218947,0.0048065185546875,-1.01553344726562,-0.0064544677734375,-0.0650791349260483,-0.0487963017051949,-0.125787489871059,0.1478698730468751,-0.9861236572265624,0.07685394287109379,-0.026869404554525578,0.09154294004655479,-0.03303086742092202,0.12656811687318315,0.02408747541799891,0.0714411463432958,0.02129324401857568,0.13395962156301516,0.05527013394594628,False
132,0.38543701171875,-0.869247436523438,0.264938354492188,0.0854403330402491,0.560223365857396,-0.0121693146011171,0.221298217773438,-1.09341430664062,0.1776123046875,-0.105461711799356,0.329961398003074,-0.375220489148425,0.3010101318359376,-0.9585189819335931,0.2179672241210937,-0.015773317241099535,0.4289782067012159,-0.09893374470374271,0.05774596069872135,0.06348428811637379,0.029304945725936886,0.0536492316534231,0.06480670793971645,0.103539176187609,False
133,0.544601440429688,-0.61865234375,0.467498779296875,0.0939635137929387,0.488086854042637,0.0659696959945708,-0.108810424804688,-1.04298400878906,0.180953979492188,-0.189779522440137,0.0121639882789369,-0.234168026225141,0.22601623535156254,-0.9206573486328123,0.3038696289062499,-0.018375997942823095,0.2397634608334523,-0.07448227736612192,0.1934407716311635,0.12424553086633854,0.0907055484617913,0.08545935874154446,0.14291941448458528,0.09018975571418955,False
134,0.686325073242188,-0.776412963867188,0.359405517578125,0.126332372630089,0.201111272878424,0.118371118867406,-0.268096923828125,-1.10208129882812,0.169418334960938,-0.0899818216471613,-0.222784077829489,-0.269380608474278,0.15886840820312514,-0.9444046020507807,0.3051223754882812,0.006898306276799553,0.01952829448327851,0.004604951735688709,0.2602927800581735,0.09599339389044129,0.060776022343480195,0.07238659735023785,0.13647757763144241,0.12163479148108203,True
135,0.390167236328125,-0.821945190429688,0.419952392578125,0.0892071080860572,0.345601876769,0.233761627842795,-0.0756988525390625,-1.10105895996094,0.150634765625,-0.161599549681572,-0.203998938448397,-0.276943187021776,0.0922348022460937,-0.995550537109376,0.2911437988281251,-0.025473721722047767,-0.020152832390512975,-0.009378241883881361,0.1583457717148817,0.10336544235670242,0.09642914891648222,0.08000816440688008,0.16075460055703297,0.12697145948503055,False
136,1.3323974609375,-0.724960327148438,0.9951171875,0.133396940053742,0.418906451037867,0.287032306495432,-0.314239501953125,-1.59553527832031,0.139999389648438,-0.289409177768328,-0.301064768595169,-0.086646745014055,0.16899871826171875,-0.9934616088867191,0.3033294677734375,0.005944282079500432,0.0017849570890147355,0.09537578811900772,0.4426542972125269,0.2583337375240099,0.2547950933702113,0.1418259137934981,0.2056291950766523,0.12379824796796618,True
137,0.242645263671875,-0.737945556640625,0.635299682617188,0.137472641785999,0.43018840036377,0.155601844590605,-0.68438720703125,-1.26348876953125,0.131988525390625,-0.254683953998676,-0.357118716903048,-0.916396926889574,-0.0619140624999998,-0.9489944458007807,0.27152557373046887,-0.06839386500842641,-0.020730844873503816,-0.04819988677907153,0.29338791188912006,0.16546232343867023,0.14299012904902716,0.12952237874312708,0.2125382285062722,0.32325328763196,False
138,0.2103271484375,-0.854141235351562,0.355026245117188,0.107388242531919,0.122519258581313,0.246933888910436,-0.232223510742188,-1.09539794921875,0.217208862304688,-0.144853592747154,-0.138979724646875,-0.184628169943596,-0.00509033203125005,-0.9434844970703125,0.2883758544921874,-0.015074583665895461,-0.00234925429239162,-0.004732996520899651,0.12085382820240763,0.06827685347987289,0.044615634059527357,0.0755877254538603,0.08988870253776467,0.11853927268782881,False
139,0.201034545898438,-0.652023315429688,0.330322265625,0.0313355523341993,0.236369128866092,0.109571768309675,-0.133773803710938,-1.26588439941406,0.115768432617188,-0.104638262390303,-0.206524946742337,-0.176169704005396,0.0729110717773438,-0.9561599731445309,0.2022796630859376,-0.025568370467189135,0.02409351185550323,-0.040413602700007,0.13144850612274733,0.1713703706294755,0.0616546742388073,0.04792183296563787,0.14131933834748758,0.10045048729412842,False
140,0.452468872070312,-0.840057373046875,0.185958862304688,0.123637786239147,0.332205111221465,0.240025649042771,-0.291229248046875,-1.19578552246094,-0.124832153320312,-0.127130255692677,-0.132276015550928,-0.243460594216755,0.09065551757812491,-1.0210372924804698,0.0072494506835938995,-0.01941878529925448,0.03756796181203537,-0.00786588596404714,0.2518340105417577,0.1100455265572231,0.099757904857586,0.07253556667329528,0.13282133787606296,0.1334168745675142,False
141,0.0669403076171875,-0.915023803710938,0.339263916015625,0.026013224895676,0.0098057591336717,0.0736696936543169,-0.038055419921875,-1.10032653808594,-0.0976715087890625,-0.0352986023523463,-0.175678617100385,-0.0768444479898004,0.020721435546875,-0.9767623901367191,0.1247589111328125,-0.0039062980553173305,-0.08315387608636156,0.022031985487283832,0.0349902846472961,0.04963921422268354,0.14749134383910073,0.017122096207143073,0.062191294469659326,0.041827573348564864,False
142,-0.09295654296875,-0.855331420898438,0.463119506835938,0.0442385678156332,-0.242507182546506,0.279940841144769,-0.334396362304688,-0.95855712890625,0.338973999023438,-0.0397202487102048,-0.718775193987481,0.0080587254585797,-0.20838470458984387,-0.9077224731445312,0.40714874267578144,-0.004592141930845439,-0.4907455942853069,0.15240858128554516,0.08352141063107708,0.0411854225611544,0.03980115469194104,0.029548744956382454,0.16972143407802892,0.08078355047693818,False
143,0.151763916015625,-0.8140869140625,0.557205200195312,0.0975124422615783,0.0915408361492937,0.17570152028576,-0.164932250976562,-1.05659484863281,0.396224975585938,-0.148970040844089,-0.553439229296528,-0.0787779029411979,-0.0047073364257812,-0.9227722167968746,0.4717773437500001,-0.003533775082037004,-0.21356408097757984,0.047961480598287726,0.1116024547930559,0.07497278323715058,0.04919397318758591,0.0720829170352405,0.28198867684661233,0.08781486191731028,False
144,0.190200805664062,-0.8360595703125,0.431137084960938,0.0430662443037804,0.128532143690494,0.065741463089151,0.0095977783203125,-0.973678588867188,0.084320068359375,-0.137700874691419,-0.101322893149264,-0.0790314358769735,0.09332733154296875,-0.8955947875976562,0.2965789794921876,-0.048874332325134176,0.003933595456490581,-0.00605485652796056,0.05832313859802329,0.04401455242923903,0.1175670933503235,0.050741935385496505,0.06272116814908937,0.04921118305122358,False
145,0.053985595703125,-0.944961547851562,0.05810546875,0.0308154369733069,0.109368569118502,0.11135289044672,-0.117019653320312,-1.08686828613281,-0.0037384033203125,-0.066714049519248,-0.174480460925958,-0.0639651346420682,-0.0364196777343749,-1.0133453369140613,0.02559967041015625,-0.00859130441337385,-0.0488736399032508,0.00963409176980523,0.0600983544073117,0.04111005129073157,0.018480158262288188,0.029441822137720987,0.10101512830698124,0.052468045711467806,False
146,0.0276336669921875,-0.940292358398438,0.291244506835938,0.0342775463904099,-0.142479917267566,0.0968844688765376,-0.0948486328125,-1.01470947265625,0.0103912353515625,-0.017173926921594,-0.222524685939315,0.0120071280907313,-0.006475830078125,-0.9824569702148438,0.1314178466796877,0.008140910609819621,-0.1991729709738422,0.050922649414346835,0.03611899532722831,0.025629606232334005,0.10661061485307957,0.01912699687979495,0.02373234046400442,0.024912718105952636,False
147,-0.0240936279296875,-0.882247924804688,0.487442016601562,0.0717743219065075,-0.251062321232277,0.214731477641416,-0.182846069335938,-0.950103759765625,0.282302856445312,-0.114978784270863,-0.506411266555145,-0.0322870997916847,-0.0891921997070313,-0.9130203247070311,0.3794403076171874,0.007122943914747719,-0.3788173545166861,0.12025325470459769,0.05400285626391531,0.023942569597089194,0.0637820927773845,0.05589203748188902,0.08354204616723038,0.06475008588018703,False
148,0.235305786132812,-0.794540405273438,0.499649047851562,0.0621824146083691,0.0810474488221634,0.154444701096965,-0.146011352539062,-0.92578125,0.336990356445312,-0.0633992129104263,-0.278544013153023,-0.107179983334675,-0.0005172729492187,-0.8603820800781253,0.43189697265624993,-0.02356173184903624,-0.10791725285085259,0.02072181675740847,0.10956530922453728,0.04613791436023054,0.053084967643892485,0.041208940516504346,0.13411367448522285,0.09294320996314344,False
149,0.3292236328125,-0.773513793945312,0.36505126953125,0.156835420807529,0.116360964876614,0.21752753046989,-0.303329467773438,-1.19538879394531,0.21209716796875,-0.0973718273560222,-0.302255734234652,-0.0270681030034564,-0.012544250488281339,-0.9225463867187498,0.29747161865234373,-0.0024582308441977035,-0.08039191171984053,0.05765123243487561,0.19854864258902413,0.10880840067048457,0.05290819954703028,0.09035484698464638,0.12614479597958966,0.07700328087620802,False
150,0.2218017578125,-0.597412109375,0.370391845703125,0.140620764510582,0.179198250797034,0.358411148980063,-0.235702514648438,-1.09269714355469,-0.03497314453125,-0.339691789677896,-0.331673810583994,-0.205129716647244,-0.0516510009765625,-0.9447174072265634,0.20071258544921874,-0.06254468441145257,-0.07627988447031445,0.046150051688037666,0.1756110493224363,0.15882211991198703,0.13671290283907242,0.1522903216792899,0.16982420072868512,0.19244295497001854,False
151,0.36419677734375,-0.890594482421875,0.48345947265625,0.0230251581526071,0.722610412273304,0.217912357247407,-0.230377197265625,-1.18473815917969,0.0813446044921875,-0.222286599337862,-0.304345516742037,-0.315311881478766,-0.01037139892578115,-1.0142486572265619,0.2715087890624999,-0.1309787897839501,0.16550518194661695,-0.0655277177800612,0.2235637931533214,0.0985472935259812,0.1379362935292318,0.09308517502916022,0.30829249264297626,0.18685759839225582,True
152,0.257904052734375,-0.879501342773438,0.321670532226562,0.225805966718402,0.300553707981982,0.160183280613868,-0.690887451171875,-1.2005615234375,0.0940704345703125,-0.225117273260507,-0.142558214203615,-0.221850639867416,0.00633544921875015,-1.0039520263671875,0.19055023193359366,0.015767591444755907,-0.0073390594372077815,-0.01997107164611519,0.2946875489714586,0.10592771232921024,0.067920717920623,0.1499033223894454,0.1260553239708628,0.12146571668323025,False
153,0.0670623779296875,-0.779296875,0.282791137695312,0.184917921870197,0.0461544459038363,0.272778003076892,-0.358535766601562,-1.17008972167969,-0.0586700439453125,-0.0987553395423183,-0.362359551612214,-0.163134862050003,-0.1840057373046875,-1.0113586425781254,0.053540039062499954,-0.00998786608901138,-0.09917276341157732,0.04514790416984078,0.11174375718046181,0.1234893129919105,0.09808346412656575,0.08974635628921836,0.12382746289296241,0.14771450247960838,False
154,0.189376831054688,-0.8094482421875,0.082794189453125,0.0303342037643295,0.204585632836541,0.0805377197895223,-0.170318603515625,-1.08308410644531,-0.0046539306640625,-0.145866925541929,-0.27994856431193,-0.161054134290324,0.03497467041015625,-0.9765258789062493,0.02990875244140625,-0.05070349788824422,-0.012119087382958204,-0.02117239698223897,0.12368870906901565,0.07430571980392538,0.03243466534941681,0.04913872888822352,0.1332236914397091,0.07216073048500653,False
155,0.0381011962890625,-0.953460693359375,0.252120971679688,0.0163651248985369,0.0436947503210391,0.0814858051375905,-0.0435791015625,-1.01786804199219,0.019989013671875,-0.0728563642574067,-0.0516352314272193,-0.0503670341161236,0.009832763671875,-0.9838958740234375,0.0927597045898438,-0.014220135061754402,0.0019004051222696703,-0.0026027872281671146,0.026603546132416236,0.02060975140244025,0.08680117000157574,0.02328349213338454,0.02732432578903853,0.03313317223389059,False
156,0.126144409179688,-0.851409912109375,0.395751953125,0.0581250886876334,0.0598774486849056,0.10335062400325,-0.08917236328125,-0.952621459960938,0.32135009765625,-0.0488626144163378,-0.154600762336844,-0.0539654973810387,0.0457672119140625,-0.9122802734375,0.364776611328125,-0.012358345775290897,-0.005983270757859212,-0.0028832447225633786,0.06266079408277016,0.027685334460658392,0.02189836777184414,0.03156396808906148,0.06266183734058463,0.047088815177207,False
157,0.205276489257812,-0.81597900390625,0.38946533203125,0.0683492304285566,0.110302007080575,0.0344866045359811,-0.062225341796875,-1.01890563964844,0.191986083984375,-0.248730457381804,-0.0502495887120511,-0.153955212088609,0.09516143798828121,-0.9295227050781252,0.3109420776367187,-0.03696337098136573,0.00427685028939097,-0.035681165442936216,0.07543051434204799,0.06466736124390195,0.06010859063760732,0.09800750577804594,0.05482301123999449,0.06751078199508855,False
158,0.65216064453125,-0.8101806640625,0.445693969726562,0.121216173859938,0.416292558427954,0.0412760674190291,0.0331878662109375,-1.15451049804688,0.175399780273438,-0.109536348267177,-0.0312655111975303,-0.261892332121193,0.18431854248046867,-0.9574203491210944,0.28087615966796864,-0.010665001427774858,0.12727907313439019,-0.06910183975261301,0.197580434938593,0.10641696711228878,0.08379543051335728,0.08012346362839205,0.12945055299325522,0.08016377017510204,False
159,0.116622924804688,-0.638809204101562,1.05816650390625,0.218331538802985,0.225087179540189,0.295526192476131,-0.404495239257812,-1.06686401367188,-0.05615234375,-0.210614496912262,-0.423031421250291,-0.185027644107108,-0.08921661376953116,-0.896572875976563,0.30475769042968753,-0.04621199681499292,-0.1261655255877953,0.06265246254076823,0.15682843703735086,0.12193667828244645,0.3072926579879677,0.12623095681219507,0.18891434330455012,0.12845085599975709,False
160,0.39825439453125,-0.84075927734375,0.429244995117188,0.251073772824964,0.154595169698555,0.278624174301834,-0.268218994140625,-1.16172790527344,0.129501342773438,-0.130581978781528,-0.376017573262686,-0.125737955074783,0.04332885742187509,-0.983010864257813,0.28958740234375,-0.004815607777913988,-0.05804133227135046,0.03987026457440903,0.2074665394859486,0.09386313287976632,0.09421137638165374,0.10111429268631138,0.15454545341406753,0.12440552778527618,False
161,0.755157470703125,-0.15679931640625,0.539016723632812,0.165031299062248,0.438446862904105,0.179312500407798,-0.151397705078125,-1.16285705566406,0.133316040039062,-0.354906961617737,-0.244636379838025,-0.201478789108855,0.196392822265625,-0.9326690673828125,0.27360229492187493,-0.011307888514920091,0.014332600354588294,0.03247338790993561,0.28761992989847573,0.28628587653948645,0.11456511833167637,0.16121271092325185,0.21343745534015043,0.12195229478142523,True
162,0.328567504882812,-0.8350830078125,0.500411987304688,0.0555748456277735,0.0467733645411707,0.131059749881088,-0.093017578125,-1.00639343261719,0.13623046875,-0.107689179735098,-0.15989832237723,-0.0502325444810746,0.1364715576171876,-0.9162704467773441,0.289483642578125,-0.031075760969862108,-0.03723554604477191,0.03251069879680768,0.12945748279333516,0.057672064562899736,0.11945023400399796,0.0620764087217889,0.08504835708139512,0.06401215271299754,False
163,0.28125,-0.7861328125,0.409896850585938,0.319701037271325,0.0220397885492778,0.368337016678897,-0.446029663085938,-1.30595397949219,0.11627197265625,-0.194524476554331,-0.57536503455115,-0.0776042478488,-0.06731414794921879,-0.948570251464844,0.24609527587890628,0.01090828119335368,-0.16429171259592235,0.10875638827872562,0.21605016277371686,0.15711842004814724,0.08834782951791505,0.15030015564244453,0.1782121516283675,0.14219948583458333,False
164,0.25323486328125,-0.733352661132812,0.468887329101562,0.56292540909939,0.357929649454977,0.269457041197563,-0.46209716796875,-1.346435546875,-0.0351715087890625,-0.348648799372159,-0.272842451575272,-0.252142765686522,0.0171615600585938,-1.000485229492187,0.2623214721679686,0.015499411122984993,-0.014568103689784086,-0.0043884367390653505,0.2570127740469546,0.19440482823209454,0.1545639491880253,0.2740356495773337,0.19318965954104012,0.16617147738627355,True
165,0.208892822265625,-0.792999267578125,0.468353271484375,0.189485243139683,0.356676898478203,0.369374850555701,-0.311904907226562,-1.18771362304688,-0.0797119140625,-0.220677251091127,-0.478939162014324,-0.253740129708352,-0.05940856933593754,-0.9775222778320316,0.07873840332031254,-0.0026514431812828003,-0.12218998534413583,0.08771773524643037,0.16698131581660774,0.16047735889249642,0.16465426526202082,0.13879439338268434,0.28587203628629027,0.23281713542781798,False
166,0.253128051757812,-0.876327514648438,0.09759521484375,0.122499284873138,0.134313333784838,0.0472367545708445,-0.184814453125,-1.16255187988281,-0.057769775390625,-0.0997638786471313,-0.0897855466748224,-0.115745508348697,0.024652099609375,-1.0136611938476565,0.021783447265625,-0.02638726587077759,0.03218342293044784,-0.03841705746238548,0.12726814486054885,0.08965841963866629,0.05199045910913223,0.07756354754635335,0.06239612254246865,0.05233463097084855,False
167,0.167617797851562,-0.934616088867188,0.10693359375,0.0342378652901677,0.10641618873404,0.0119839585892476,0.029388427734375,-1.06976318359375,-0.10223388671875,-0.0379423223664679,-0.0330815207448553,-0.0792641961562464,0.11282806396484371,-1.002859497070312,0.0251831054687499,0.0002324140683312206,0.04285992921413191,-0.04009125368166376,0.04153647363621576,0.04134903804908915,0.0801712938215286,0.01909000964122066,0.036754358678451164,0.034397485016015715,False
168,0.132156372070312,-0.943130493164062,0.220413208007812,0.0136476353222201,0.0573469130171123,0.0204181897615285,0.0659027099609375,-1.00985717773438,0.0453338623046875,-0.0307147694841019,-0.0128420290924711,-0.0319946847039939,0.10183563232421881,-0.9853179931640632,0.1074371337890623,-0.007378367694897231,0.02281143947512821,-0.0008807606357110097,0.022023071860107477,0.019914412866993803,0.049742826989314266,0.01502170476551245,0.020858219529899604,0.0180011744008412,False
169,0.371932983398438,-0.879608154296875,0.39276123046875,0.017108146842669,0.516825824314009,0.0096438389393949,0.119171142578125,-0.96868896484375,0.211746215820312,-0.0103032376252986,0.0148804125908177,-0.18881226233222,0.2283798217773439,-0.9231918334960938,0.3400238037109375,0.0010467554664556605,0.18262502006647136,-0.054304384629751276,0.08467404555354371,0.028766602419750428,0.05714251681255285,0.010698055151541612,0.1635824632548694,0.05726700743701919,False
170,0.439483642578125,-0.818649291992188,0.444168090820312,0.022315958354319,0.605806297391301,-0.0870664592018515,0.231155395507812,-0.932952880859375,0.315399169921875,-0.107466805784077,0.411031750010612,-0.21682951594818,0.35755157470703114,-0.8932235717773438,0.3670150756835938,-0.05592758131415464,0.5433653697359178,-0.16798437186859355,0.07344342428307223,0.03686536563656234,0.045731319755023064,0.049029448055266774,0.057008636969667424,0.03799326116307764,False
171,0.261734008789062,-0.855255126953125,0.511550903320312,0.0484775213227124,0.195833686546214,0.067387562958929,0.0070953369140625,-0.925857543945312,0.341384887695312,-0.0589147159508419,-0.146679189674403,-0.0979987354766268,0.1494186401367187,-0.891778564453125,0.43060150146484366,-0.00603703998026792,0.05651859002326491,-0.02590342276393202,0.07656922115250647,0.02277378024764292,0.04709901992272042,0.039364243842554054,0.11044339950635507,0.055509098955819486,False
172,0.20428466796875,-0.762985229492188,0.286636352539062,0.0957081506230496,0.152896339239193,0.137496343919701,-0.038421630859375,-1.09414672851562,0.053558349609375,-0.135143174780507,-0.111407485249067,-0.228182571675188,0.07418823242187504,-0.9474731445312491,0.19895019531249997,-0.03573093992370972,0.010654721625967168,-0.013401133131722299,0.07994475539643449,0.09448399850480967,0.08109027306084064,0.07784930589271657,0.0768277594951092,0.09806737672552301,False
173,0.130218505859375,-0.9110107421875,0.180679321289062,0.0060549630544041,0.0579056442138109,0.070580426789825,-0.0335845947265625,-1.05818176269531,0.00494384765625,-0.109118764608253,-0.121044399969627,-0.0556209183146319,0.03744659423828125,-0.9833679199218741,0.089044189453125,-0.033687789367011875,-0.024459616610556397,-0.0029473203783906923,0.045837403162112336,0.043347604307093064,0.06904358756390412,0.03347192176321615,0.05353727052752725,0.04025613350959912,False
174,0.105316162109375,-0.878005981445312,0.426727294921875,0.0502591760919754,-0.0436396228864744,0.114746290307699,-0.0981292724609375,-1.01612854003906,0.241500854492188,-0.0301232814059953,-0.337043009657703,-0.0031249532230989,0.02164306640625,-0.9271148681640622,0.3434799194335939,-0.0005661614161399599,-0.1388022249602213,0.05867431239924044,0.0663845251113192,0.04440155329647182,0.06460324661463945,0.022260858072180454,0.09537295640552508,0.042082113334943265,False
175,-0.0548095703125,-0.877838134765625,0.411270141601562,0.0384621714112514,-0.397618472864319,0.249739262802726,-0.342025756835938,-0.973419189453125,0.28729248046875,-0.038013961399791,-0.68725481827363,0.105112837696555,-0.1970062255859374,-0.9259368896484375,0.34062500000000007,-0.006466767653763099,-0.5516828479260095,0.1626756798148513,0.09022640003350084,0.034700840602019146,0.0417943365696815,0.023612882131330434,0.08100795038798923,0.05155741085808774,False
176,0.123931884765625,-0.829696655273438,0.564422607421875,0.0723447710120025,0.0703564549421493,0.09851059503814,-0.083831787109375,-1.01860046386719,0.430679321289062,-0.0521356393960452,-0.520233338928766,-0.0750731795487887,0.0576766967773437,-0.903129577636719,0.49868469238281243,-7.930893726256112e-05,-0.14231916886416915,0.03683098524357785,0.057845302321673224,0.05029566213911988,0.04530822189732755,0.03602001510372441,0.16438794670318255,0.047113061122646176,False
177,0.136795043945312,-0.8238525390625,0.556900024414062,0.103015332022009,0.119624935108615,0.0396358265036493,-0.0517425537109375,-1.03103637695312,0.391525268554688,-0.126188029299007,-0.0808218790778337,-0.135911496754995,0.05762634277343746,-0.8952468872070307,0.4531982421875,-0.01504094794132775,0.00168764518278322,-0.03598314127894024,0.05427338191395128,0.06538758039966652,0.052706012143067735,0.059861266411220915,0.06944509766674735,0.05205704987688769,False
178,0.148422241210938,-0.78125,0.400253295898438,0.0662796879454561,0.083285036770048,0.0472383524674985,0.0084381103515625,-1.00910949707031,0.176788330078125,-0.0761672061245932,-0.117262178589497,-0.0848736123602803,0.07498931884765633,-0.912286376953125,0.3306640625000001,-0.0015746472577311496,-0.020733108560430386,-0.00518706548675823,0.04693926783688346,0.05565811807744202,0.07016329003826433,0.05093863943201676,0.07882522857980402,0.04599010619245651,False
179,0.250411987304688,-0.851898193359375,0.345184326171875,0.0325622043322898,0.180604133536487,0.0983364243028488,-0.0295867919921875,-1.12933349609375,0.15484619140625,-0.0651198812907265,-0.0989034112989267,-0.120288328536154,0.06560516357421885,-0.9868255615234371,0.2361068725585937,-0.019468346727140852,0.02948140632006437,-0.024158599512544836,0.0824071519749171,0.07270524732531428,0.049107256661135384,0.03140637998731399,0.08305711477546102,0.06197221772797754,False
180,0.170547485351562,-0.867401123046875,0.233413696289062,0.143475140566929,0.0756414981254116,0.0730273391993898,0.019989013671875,-1.22630310058594,0.161590576171875,-0.0504852784685231,-0.0874033490797465,-0.039995086934701,0.08635253906250004,-1.0016189575195316,0.189752197265625,0.036890027524944934,-0.011300405032256908,0.013947773577072001,0.05362367274522887,0.10038887384252577,0.02209266713885109,0.06507506142866014,0.05963631809002099,0.04230926594982874,False
181,0.22271728515625,-0.890518188476562,0.270980834960938,0.151935737034002,0.0987241805575644,0.140083072286495,-0.01446533203125,-1.0263671875,0.1025390625,-0.13379747948169,-0.192069308345387,-0.0679020856815323,0.0805541992187501,-0.9726715087890622,0.1775466918945312,0.009826505158563493,-0.010701140523767307,-0.00019164107204207997,0.07538079316811076,0.037906912698139165,0.049781861637705135,0.08435383337867713,0.07906433025906384,0.059512615143772825,False
182,0.143875122070312,-0.851089477539062,0.284271240234375,0.0711034716279166,0.0642421033954364,0.0743967366319086,-0.003662109375,-1.02000427246094,0.045684814453125,-0.0678741224900865,-0.0666051262306637,-0.140534744407372,0.05073089599609365,-0.9547683715820314,0.13959350585937508,-0.011897539011874488,-0.008430955484140159,0.00874952281373547,0.04702175095080847,0.05667820732778128,0.06018773859039365,0.04541288087821922,0.040477819498854116,0.06168766329824882,False
183,0.107711791992188,-0.944442749023438,0.166061401367188,0.0407855131462365,0.131409156616107,0.0420582378311854,-0.14813232421875,-1.08627319335938,0.0137481689453125,-0.0909999481318986,-0.0746084579385699,-0.12601785330535,0.0063125610351563,-0.9944305419921886,0.08984680175781254,-0.025427382719080367,0.02452020352535577,-0.027192206310254007,0.07647883516398124,0.0440752046546521,0.0576458363151309,0.04077253769166328,0.06681019799321002,0.051866199485904124,False
184,0.28997802734375,-0.9415283203125,0.169235229492188,0.0105306715823913,0.286413920490316,0.0320780416461134,-0.0419921875,-1.04196166992188,-0.0026397705078125,-0.0888595655638019,-0.0775773499217902,-0.152610582054228,0.120599365234375,-0.9902664184570312,0.05935821533203125,-0.03376467482768242,0.08126726613853866,-0.04832180629377551,0.1090930268651973,0.03477469617182482,0.0542320310848582,0.028991245423747904,0.10747196571414622,0.05529726948363221,False
185,0.341903686523438,-0.896026611328125,0.184524536132812,-0.0067796091870147,0.514285168634074,-0.0320335668559091,0.188690185546875,-1.00178527832031,0.0974884033203125,-0.0887908560076778,0.218368823058246,-0.164234214947988,0.2609939575195312,-0.9541488647460931,0.14790802001953116,-0.05043752799017796,0.3529377404128995,-0.08213961118520492,0.05378557868504454,0.03480648258208358,0.02886977859934982,0.028508599140055702,0.09560438492218944,0.049311063604408206,False
186,0.281784057617188,-0.91754150390625,0.160400390625,0.125176827033103,0.512036129093502,0.0933991899579509,-0.057830810546875,-1.12802124023438,0.0569000244140625,-0.110878315140468,0.0427408060185727,-0.235491350970802,0.10768432617187504,-0.995838928222657,0.1149139404296875,-0.007888176622371179,0.2869266322633778,-0.06031596478999809,0.11211451073977398,0.0701140706372541,0.04204456318316239,0.07784969071602223,0.13465607283269265,0.09975568620295401,False
187,0.0427703857421875,-0.976654052734375,0.0966949462890625,-0.0104768757283717,0.0640458284230976,0.0083617931906307,-0.002044677734375,-1.00581359863281,0.0482635498046875,-0.0479062732688904,-0.0148143661957838,-0.0666378831120717,0.02860260009765625,-0.9945846557617184,0.07295074462890624,-0.02733255489970123,0.018364839297855616,-0.01589395843848012,0.012938975779207676,0.009195160197723996,0.014811609161173151,0.012877848717369592,0.023669127302109707,0.02149989339075894,False
188,0.048126220703125,-0.947372436523438,0.225479125976562,-0.006420348755963,0.0011249192444494,0.0030450583903966,0.0208282470703125,-0.9915771484375,0.131088256835938,-0.0160468771482725,-0.0094765924229379,-0.0043651873427488,0.03967437744140625,-0.9656631469726562,0.19609680175781233,-0.012582610570686473,-0.00417320005976503,-0.001077648135100523,0.007193171659396753,0.013760249016805627,0.030522559034982057,0.003674173940193674,0.002868642775841618,0.0023112726769667327,False
189,0.056976318359375,-0.953659057617188,0.212799072265625,-0.011729360389036,0.0001243696229067,0.0052179315237922,0.03253173828125,-0.969039916992188,0.196044921875,-0.025343173565412,-0.0094819187451181,-0.0173110797177331,0.04333038330078125,-0.9617752075195314,0.20646514892578122,-0.01524617113492922,-0.00458138276004148,-0.0012104866102737098,0.00773226093771297,0.005246067693489023,0.006255071498034273,0.004148475424583287,0.002857129181834477,0.00621589567520222,False
190,0.0515594482421875,-0.95550537109375,0.214096069335938,-0.0128087395788451,-0.002016811893517,0.0030858047550748,0.0273895263671875,-0.963424682617188,0.198196411132812,-0.0170370404415639,-0.0084257090567926,-0.0022716764098375,0.04189300537109375,-0.9596832275390625,0.2070114135742188,-0.01410599197743359,-0.00618415299888385,0.00019140138754401002,0.00918366515666713,0.0030347374897626775,0.00513289400060534,0.0014633669428699887,0.002039008890942365,0.0017581348705832114,False
191,0.048858642578125,-0.951095581054688,0.216720581054688,-0.0128167290621153,-0.0041579934099407,0.0052152683627021,0.0352325439453125,-0.968460083007812,0.196990966796875,-0.0192290883348081,-0.0083846963760054,-0.0022743395709276,0.04021453857421875,-0.9599624633789062,0.2083175659179688,-0.014529221537868989,-0.00543676347056403,0.00039838226746494984,0.004523007829914565,0.005698995773735758,0.005305647936550323,0.001887131516462173,0.0013928217535477752,0.0024303028718247427,False
192,0.049652099609375,-0.955474853515625,0.214187622070312,-0.0021228057049021,-0.0010500844178182,0.0019760655288387,0.034881591796875,-0.97314453125,0.20513916015625,-0.0171209300159014,-0.0084328995917359,-0.0022498384888989,0.04207305908203125,-0.9620895385742188,0.2080093383789062,-0.013137879657968,-0.00565865805258944,-0.00022652848232212003,0.004897662205446633,0.005718155279963789,0.003043765729237494,0.004247404043190243,0.002119279633029467,0.0012662538868043777,False
193,0.0460357666015625,-0.952102661132812,0.216537475585938,-0.0128007500955749,-0.0031079089921224,0.0020088224102467,0.0367279052734375,-0.961929321289062,0.204376220703125,-0.0170024193473929,-0.0073551182985808,-0.0054917044838524,0.0419952392578125,-0.9592742919921873,0.20866546630859378,-0.01441116360674578,-0.0056504288848210705,-0.00055945025019294,0.0034318355045891602,0.0028696982639111134,0.0034163368961720414,0.0013344664090817904,0.0011426234922083441,0.0020934662793441567,False
194,0.0480194091796875,-0.952224731445312,0.212234497070312,-0.0127647974208588,-0.0041505365588884,0.002019741370716,0.0366363525390625,-0.965499877929688,0.196929931640625,-0.0160175823762816,-0.007362042517415,-0.0033185650343477,0.04225616455078125,-0.9594406127929688,0.2055923461914062,-0.01399605668763514,-0.00533385892604335,0.00040357543159059,0.0034218875430199963,0.003639138196580508,0.004520809802072368,0.0012734194245892917,0.0010599166421765753,0.0016868595544135465,False
195,0.0548095703125,-0.958984375,0.210983276367188,-0.0127874342901245,-0.0041577270938317,0.003058374195847,0.03118896484375,-0.964111328125,0.201263427734375,-0.0192210988515379,-0.0094683366235587,-0.0022498384888989,0.0414459228515625,-0.960870361328125,0.20718994140624983,-0.01463755893101341,-0.006074324235528989,0.00018567559120033999,0.007403218931399561,0.0014265893361915976,0.003141270441501734,0.0019616662667870516,0.0014809889614475224,0.0015056652628890944,False
196,0.0497589111328125,-0.95635986328125,0.210494995117188,-0.0117519972583017,-0.0031004521410702,0.002017078209626,0.0338897705078125,-0.964019775390625,0.201889038085938,-0.0159962770875609,-0.0062983759780374,-0.0022799322092168,0.042156982421875,-0.9603164672851563,0.2073425292968752,-0.014199548826528088,-0.0054390271574905995,-0.00034458641344533995,0.004718592845680122,0.002991155562782499,0.002961744539584786,0.0014075610896592521,0.0010977324154133254,0.001807202995161631,False
197,0.0482177734375,-0.95880126953125,0.211654663085938,-0.0106712864879475,-0.0030804784328946,0.002017078209626,0.035919189453125,-0.962127685546875,0.203399658203125,-0.0170450299248341,-0.0062991749263644,-0.002287921692487,0.041156005859375,-0.9604354858398437,0.206903076171875,-0.01418809723384074,-0.00469456710636985,-0.00077287597995186,0.0037154571716674907,0.0012484771091090649,0.002813243296796302,0.0019318039433545075,0.001445522341279736,0.0014514668995513564,False
198,0.0437164306640625,-0.863876342773438,0.249130249023438,-0.0012018845999527,-0.0052285841681525,0.154360012574301,-0.0560760498046875,-0.964614868164062,0.204177856445312,-0.104724548809622,-0.128035730463303,-0.043390351008443,0.014781406947544642,-0.9391043526785712,0.22068350655691946,-0.03379692190396744,-0.0307770494084512,0.018163671718142756,0.04190188845169699,0.037571050705774725,0.019939185227838375,0.0359936446846289,0.0467504864011466,0.06265848647278528,False
